ROI_ID,Original_xloading_m2,Sign_oriented_value_used_for_NIfTI
1,-0.372917231700155,0.372917231700155
2,-0.381571367900262,0.381571367900262
3,-0.426780043812889,0.426780043812889
4,-0.453508235032238,0.453508235032238
5,-0.346588971275197,0.346588971275197
6,-0.392418645703155,0.392418645703155
7,-0.384620790727726,0.384620790727726
8,-0.373379174586547,0.373379174586547
9,-0.382219496356173,0.382219496356173
10,-0.374584660507594,0.374584660507594
11,-0.278693893462883,0.278693893462883
12,-0.318291401998819,0.318291401998819
13,-0.247566582894171,0.247566582894171
14,-0.196861402432283,0.196861402432283
15,-0.529984020707677,0.529984020707677
16,-0.492828162015735,0.492828162015735
17,-0.546929063065636,0.546929063065636
18,-0.520187071482778,0.520187071482778
19,-0.55066778259761,0.55066778259761
20,-0.51217889027422,0.51217889027422
21,-0.619608824783912,0.619608824783912
22,-0.598862827485096,0.598862827485096
23,-0.484729581862936,0.484729581862936
24,-0.50486046777318,0.50486046777318
25,-0.470535133184137,0.470535133184137
26,-0.477714658281588,0.477714658281588
27,-0.491344900352232,0.491344900352232
28,-0.460587447388292,0.460587447388292
29,-0.569330765867713,0.569330765867713
30,-0.560790641122333,0.560790641122333
31,-0.61203811756999,0.61203811756999
32,-0.616184258077425,0.616184258077425
33,-0.590870981126992,0.590870981126992
34,-0.607983259169823,0.607983259169823
35,-0.634114727921523,0.634114727921523
36,-0.619263570649496,0.619263570649496
37,-0.575749451352828,0.575749451352828
38,-0.546161126052361,0.546161126052361
39,-0.620725912231626,0.620725912231626
40,-0.580939037005946,0.580939037005946
41,-0.381459632430523,0.381459632430523
42,-0.336905259221084,0.336905259221084
43,-0.589463956966486,0.589463956966486
44,-0.57422471975443,0.57422471975443
45,-0.651459850875817,0.651459850875817
46,-0.62882839823099,0.62882839823099
47,-0.379286223756018,0.379286223756018
48,-0.341723402929185,0.341723402929185
49,-0.612994231480786,0.612994231480786
50,-0.580993763682302,0.580993763682302
51,-0.609348818954291,0.609348818954291
52,-0.591561044945919,0.591561044945919
53,-0.535155670882248,0.535155670882248
54,-0.54845523933395,0.54845523933395
55,-0.475928783194974,0.475928783194974
56,-0.469472615583808,0.469472615583808
57,-0.42374113187403,0.42374113187403
58,-0.410957108237459,0.410957108237459
59,-0.255127386366637,0.255127386366637
60,-0.238819617655918,0.238819617655918
61,-0.551993568572608,0.551993568572608
62,-0.556744839133449,0.556744839133449
63,-0.563525015255914,0.563525015255914
64,-0.564497382338068,0.564497382338068
65,-0.371211384063522,0.371211384063522
66,-0.424508510813713,0.424508510813713
67,-0.345555818995955,0.345555818995955
68,-0.320277694704533,0.320277694704533
69,-0.30509758422751,0.30509758422751
70,-0.317346695138809,0.317346695138809
71,-0.542971216012973,0.542971216012973
72,-0.594825775574639,0.594825775574639
73,-0.592636186632218,0.592636186632218
74,-0.497780749259928,0.497780749259928
75,-0.523733078304851,0.523733078304851
76,-0.423488391070804,0.423488391070804
77,-0.38236274844882,0.38236274844882
78,-0.380850562904385,0.380850562904385
79,-0.415641737584466,0.415641737584466
80,-0.443260113431334,0.443260113431334
81,-0.400165079814267,0.400165079814267
82,-0.440853209413653,0.440853209413653
83,-0.302494889387551,0.302494889387551
84,-0.274508044915059,0.274508044915059
85,-0.429339639606035,0.429339639606035
86,-0.47034324168555,0.47034324168555
87,-0.394722489566528,0.394722489566528
88,-0.443892494285109,0.443892494285109
89,-0.39305085550673,0.39305085550673
90,-0.257784927409446,0.257784927409446
91,-0.383977462546151,0.383977462546151
92,-0.437471426606665,0.437471426606665
93,-0.277608500053794,0.277608500053794
94,-0.244655698983163,0.244655698983163
95,-0.281456462169026,0.281456462169026
96,-0.220431575362445,0.220431575362445
97,-0.431997001629889,0.431997001629889
98,-0.46593861625993,0.46593861625993
99,-0.367373978870012,0.367373978870012
100,-0.436905455416586,0.436905455416586
101,-0.319868839995465,0.319868839995465
102,-0.389248385662108,0.389248385662108
103,-0.413610007903255,0.413610007903255
104,-0.390403075264104,0.390403075264104
105,-0.607771437952721,0.607771437952721
106,-0.619526490966543,0.619526490966543
107,-0.535084405142661,0.535084405142661
108,-0.602784799200333,0.602784799200333
109,-0.289231886286434,0.289231886286434
110,-0.221705180110185,0.221705180110185
111,-0.357838348429825,0.357838348429825
112,-0.272076332927531,0.272076332927531
113,-0.556912390871911,0.556912390871911
114,-0.485998555963979,0.485998555963979
115,-0.278747936029901,0.278747936029901
116,-0.157108250554015,0.157108250554015
117,-0.330214679872741,0.330214679872741
118,-0.274186088217028,0.274186088217028
119,-0.550389041744227,0.550389041744227
120,-0.550799778983007,0.550799778983007
121,-0.485988212078034,0.485988212078034
122,-0.539372942367646,0.539372942367646
123,-0.483406156152681,0.483406156152681
124,-0.59183525516913,0.59183525516913
125,-0.345454995586439,0.345454995586439
126,-0.291393989737653,0.291393989737653
127,-0.327474235837934,0.327474235837934
128,-0.33152734342751,0.33152734342751
129,-0.47968425276107,0.47968425276107
130,-0.442821050642867,0.442821050642867
131,-0.314754446104481,0.314754446104481
132,-0.275665469088805,0.275665469088805
133,-0.445040773947566,0.445040773947566
134,-0.483457914707461,0.483457914707461
135,-0.307061674471628,0.307061674471628
136,-0.468057198605817,0.468057198605817
137,-0.406588783684559,0.406588783684559
138,-0.402394030148588,0.402394030148588
139,-0.401767984555355,0.401767984555355
140,-0.442954867826956,0.442954867826956
141,-0.445390261280216,0.445390261280216
142,-0.464218746649664,0.464218746649664
143,-0.530582546787985,0.530582546787985
144,-0.586114461423888,0.586114461423888
145,-0.510243807881618,0.510243807881618
146,-0.537223431248643,0.537223431248643
147,-0.524431402203278,0.524431402203278
148,-0.472342764997243,0.472342764997243
149,-0.481423799685842,0.481423799685842
150,-0.437365445591345,0.437365445591345
151,-0.507098841801937,0.507098841801937
152,-0.46626717903801,0.46626717903801
153,-0.620979984664607,0.620979984664607
154,-0.615069058699039,0.615069058699039
155,-0.491170624811085,0.491170624811085
156,-0.469843392726922,0.469843392726922
157,-0.51334994671569,0.51334994671569
158,-0.485328838980534,0.485328838980534
159,-0.458198829796415,0.458198829796415
160,-0.446829680530545,0.446829680530545
161,-0.264739476079059,0.264739476079059
162,-0.165915109395543,0.165915109395543
163,-0.655312724778188,0.655312724778188
164,-0.673176273952957,0.673176273952957
165,-0.536227947469341,0.536227947469341
166,-0.514737887095667,0.514737887095667
167,-0.585873538838063,0.585873538838063
168,-0.549079977647072,0.549079977647072
169,-0.568444194140783,0.568444194140783
170,-0.58661225571557,0.58661225571557
171,-0.628023153311179,0.628023153311179
172,-0.610979203232099,0.610979203232099
173,-0.60366500020465,0.60366500020465
174,-0.56665561795143,0.56665561795143
175,-0.601427063273771,0.601427063273771
176,-0.598125760141816,0.598125760141816
177,-0.525420786286163,0.525420786286163
178,-0.630905206683685,0.630905206683685
179,-0.490008453515594,0.490008453515594
180,-0.457785104600188,0.457785104600188
181,-0.470946529319338,0.470946529319338
182,-0.465344179447501,0.465344179447501
183,-0.502572814794998,0.502572814794998
184,-0.527326287918521,0.527326287918521
185,-0.504353117493574,0.504353117493574
186,-0.551694983960215,0.551694983960215
187,-0.677822340228831,0.677822340228831
188,-0.587291269371008,0.587291269371008
189,-0.404584248051453,0.404584248051453
190,-0.266341082062611,0.266341082062611
191,-0.350481176515637,0.350481176515637
192,-0.40158547498732,0.40158547498732
193,-0.194039246728598,0.194039246728598
194,-0.196991501095691,0.196991501095691
195,-0.597842027881652,0.597842027881652
196,-0.585766425807843,0.585766425807843
197,-0.436864294288206,0.436864294288206
198,-0.469014587919899,0.469014587919899
199,-0.270859401891277,0.270859401891277
200,-0.253671243403468,0.253671243403468
201,-0.426989080277001,0.426989080277001
202,-0.443122736990809,0.443122736990809
203,-0.175630492270153,0.175630492270153
204,-0.137046727419025,0.137046727419025
205,-0.328940954156408,0.328940954156408
206,-0.360353076485785,0.360353076485785
207,-0.174316606701629,0.174316606701629
208,-0.118121958977961,0.118121958977961
209,-0.206581019945377,0.206581019945377
210,-0.260905075161218,0.260905075161218
211,-0.431980795699523,0.431980795699523
212,-0.370995013607134,0.370995013607134
213,-0.415182588811505,0.415182588811505
214,-0.373533443031124,0.373533443031124
215,-0.443756680711046,0.443756680711046
216,-0.320282280548358,0.320282280548358
217,-0.542157050570902,0.542157050570902
218,-0.508715958317972,0.508715958317972
