"Full","Male","Female"
0.572368478631407,0.523085489177024,0.518366126346016
0.607003414521521,0.561003096742955,0.554761769453417
0.547698186114104,0.486033647847314,0.501804078479142
0.551916360356705,0.499185074765181,0.504917856030065
0.57369093183777,0.510170971225738,0.542839489521478
0.563224244563409,0.509750830693912,0.52417299019998
0.567922422553093,0.518241271293136,0.500202167565649
0.569711142953847,0.519903981842923,0.510226842192717
0.628161362021234,0.581263507048601,0.576847424493814
0.624967250047677,0.568366673943553,0.588032561047511
0.545587725553614,0.510924494468572,0.507015608193539
0.551922887140386,0.512822071882829,0.520569592352834
0.536122581083113,0.4743213840439,0.558000524232403
0.538173992861265,0.485559657549464,0.554565647522887
0.468423510146478,0.409097078633887,0.447089517705104
0.487375570893014,0.431459606605766,0.464386641495324
0.558124785406278,0.511799973383618,0.51146461861089
0.552532500392574,0.520556775819974,0.492620916098007
0.475529210705613,0.414229136933833,0.465974461587327
0.491557443059024,0.425731864944575,0.495715817407375
0.512121458417655,0.445812942102185,0.498007433001974
0.535757803303889,0.461088886894327,0.540783150676889
0.50305516902307,0.43802765063555,0.469884533975407
0.539099153737633,0.486285432013438,0.502675180990991
0.53433918914286,0.492701949899102,0.478257909977861
0.537498949632669,0.484968009143795,0.492792759855913
0.508760647315292,0.437368012776382,0.463819878366435
0.538028206594296,0.47708697812198,0.502570936166654
0.576255969641838,0.540987400282673,0.540244441022675
0.575418587243686,0.5332757395298,0.552791310194784
0.522235286424813,0.454648484643043,0.520029045126821
0.534687365523321,0.453016931514605,0.563501918979824
0.581436936419565,0.523202665483212,0.577422550825951
0.6191601057532,0.551202500803623,0.616502103228104
0.49868089241903,0.431250956347595,0.471381886661906
0.54078546533783,0.461011723222613,0.543813809110861
0.628365688316251,0.573927109913097,0.605419188430383
0.655152075750112,0.607635070099881,0.620367219966561
0.6437826980293,0.590741035234683,0.622879357280637
0.648201140019651,0.580134966320028,0.64790334654805
0.645934773738324,0.598379905317815,0.608050567064485
0.704821739079909,0.666999113625603,0.671244507139588
0.55857931174905,0.502804418269576,0.521399681554394
0.549946004400995,0.474815149594763,0.528421210366736
0.596821782814678,0.555931972824983,0.544028264173335
0.649953704598416,0.605581131801211,0.598246921207381
0.588623346388129,0.548142257066637,0.510866021518451
0.585359190758619,0.564165185007249,0.474579324095124
0.705385050828621,0.663035080424832,0.67539645236862
0.687245245173905,0.651269171966158,0.634763472223024
0.581647970070339,0.528557398961282,0.541557664621737
0.599766561552555,0.536252227000046,0.575855355212187
0.627577124792696,0.57612647151961,0.589937252596555
0.66834821898233,0.611722267097759,0.64730115620388
0.54460159795009,0.490690057502703,0.508704602647414
0.586970149689372,0.531870556080109,0.55372017711972
0.609714647421148,0.56210403042477,0.563201808339724
0.608837665415686,0.558577314661223,0.563865493321347
0.49467801003473,0.456759271924256,0.418415022784641
0.602074697064484,0.555655433894076,0.553711232634015
0.699078358786561,0.640398385003719,0.679885077359972
0.694073802255662,0.635587255635578,0.676932554854203
0.617545564026825,0.566123406856393,0.584548107363968
0.620151466995625,0.560948165985266,0.605495181287591
0.683469555315708,0.638205513416544,0.643005304477301
0.752690051825641,0.730143231146665,0.690790582006087
0.65990404223023,0.612521114880413,0.61940753233547
0.680502062528867,0.634062108423268,0.648585862414665
0.425303018559841,0.342509644246191,0.405638667631577
0.449483537472547,0.382026029571759,0.432060061502886
0.663877310814655,0.617292672416466,0.620784604559599
0.702005521728525,0.65817507413461,0.675252079857854
0.721097462675146,0.671296087939154,0.69646476612949
0.723330530959739,0.671312619031244,0.712714481464893
0.589275012176256,0.523362531265346,0.559436322543506
0.650513668820054,0.59486968981438,0.631798656314239
0.493471210795371,0.418220488797748,0.485083975380594
0.531565268917625,0.467728619695175,0.498278456494452
0.537385477211089,0.451867744939063,0.522410654438835
0.645820152030659,0.597565464589639,0.632984899126897
0.528092965905547,0.452718748156636,0.496581945543245
0.595452710920984,0.550459741931131,0.54853709150312
0.434967665202389,0.343489489800018,0.407971416038197
0.459500117741058,0.38417153414822,0.4420599096461
0.455637465001956,0.367408206972002,0.434015221416077
0.51727296507199,0.438450318019413,0.476455676858332
0.527126590242509,0.445462686491957,0.508449889268197
0.618607956217179,0.563007174531794,0.600151674399685
0.583523125647505,0.504186286127411,0.562084565088912
0.522115630396019,0.448101586894922,0.490375258456288
0.484754823594963,0.428519457149652,0.423150714094132
0.446706844787025,0.400763382337895,0.367573461360697
0.41030084107574,0.30337257209758,0.407641158168672
0.436107759587769,0.360903880016807,0.402171397800946
0.451097357882096,0.361859305774322,0.424581368412812
0.484154435462472,0.429269471496079,0.457099412105286
0.477628513874594,0.403768665565633,0.433084002404267
0.491449383390931,0.412456628381285,0.440006268053387
0.513420439419175,0.440345246718848,0.500796919333794
0.5425809785963,0.479529572316299,0.519584507770624
0.533566186008043,0.469061694887514,0.510148958730114
0.603076449247505,0.554812077507778,0.576626034330743
0.604061667691447,0.517690723939642,0.597944324190782
0.619040578107467,0.556975065944346,0.582301805989075
0.624324241605312,0.573669378816257,0.577442044441327
0.576944503241579,0.516163481495782,0.530070407189975
0.569504583289061,0.531729303994205,0.491076063816146
0.576126971092474,0.521370352619378,0.52133213903313
0.517040382166511,0.410191097383091,0.534230114015276
0.543344253029199,0.464450759279817,0.532976429749394
0.629429283620283,0.562988354559395,0.624723192124467
0.619304462607801,0.555406828171018,0.602505317147103
0.686974999309354,0.65186871512818,0.637570584574291
0.638935560236274,0.601168003866466,0.593826525784607
0.569053619713228,0.495898896894141,0.559046470133559
0.518675851207828,0.455594372191053,0.511161287564368
0.461021287155657,0.382218702682454,0.450565494623348
0.48371442162095,0.426192744252953,0.445642855204078
0.631644672408644,0.58164119130044,0.581228873825423
0.65749220977976,0.602493691249366,0.641052295180611
0.523527121229425,0.469795111290063,0.478269711880678
0.553359081091953,0.510562501293721,0.510149641537717
0.477163557996984,0.408454544039952,0.440402408265272
0.563402554264474,0.501718277705987,0.526797205496382
0.532520724153305,0.481723895168244,0.466984803896149
0.549129453006482,0.505881232728126,0.468170884476471
0.539912188269545,0.478358790452854,0.491374955421214
0.524399837261525,0.476026867053098,0.438653549282593
0.506508615707608,0.452968609761558,0.426647114015257
0.555122544615684,0.509595261187516,0.4754546654308
0.565668662063489,0.520021596943547,0.50080848067277
0.600271032203906,0.57148971150664,0.514558944730964
0.53545192655894,0.480978071564335,0.471237672988959
0.547101805249101,0.501099683278279,0.471391751918885
0.485048775029583,0.424300553116828,0.444949309532122
0.488066062023964,0.392744908791332,0.47269970896478
0.404863377749078,0.347227364166695,0.330636649451178
0.449992331361391,0.394698651437305,0.372809642079766
0.465002601707415,0.411749704785154,0.400787668997747
0.49966369625594,0.442668502901394,0.450555213170138
0.43958029999963,0.389503619082674,0.37053446320613
0.486161381634129,0.438349109275585,0.428920827646483
0.451145256534695,0.378548541654754,0.405718050346703
0.490049643993407,0.415838874258919,0.450051990428344
0.671644807978807,0.618226444582442,0.648519938025104
0.667106094508542,0.611132854316918,0.651973689637782
0.638672345247785,0.589279369599138,0.606582078942568
0.623085899931003,0.566179838293016,0.589298447475759
0.691797946360829,0.642767189543684,0.663553268159422
0.726240066078751,0.685467469180728,0.685837277369439
0.687809438858168,0.644270134835125,0.651992060936031
0.707928782278473,0.654533171139247,0.682034047745693
0.724151497297737,0.679323181628813,0.692976030070008
0.724436175553746,0.669913517082077,0.705376686619801
0.61191953306098,0.567476954375713,0.565942090384769
0.637328699530764,0.600777306587617,0.58481138325554
0.737420998968237,0.689067091559161,0.722938052091083
0.742062588150165,0.702507825089311,0.713083235465475
0.527677123784161,0.499431662078601,0.447708085776732
0.612249005776475,0.578359786314184,0.55658419589351
0.592162358771097,0.549744068218296,0.535587835396075
0.611238721254412,0.570206186578965,0.549905670135274
0.740304614482304,0.707965922383253,0.694164477880577
0.729796562176888,0.689719631981677,0.697493077057323
0.675944703343638,0.643226831575036,0.62284790277744
0.656103052129322,0.615190662778987,0.61044412075909
0.632794076975136,0.584060594876412,0.589708675365618
0.668729420194402,0.624796639298763,0.619751942448445
0.68018924917093,0.637174216965415,0.638009191436527
0.673227908702153,0.622688251941589,0.646618334820161
0.737835910388962,0.690504858882391,0.712378811340796
0.740811097870579,0.71044735809771,0.69235213593252
0.706622159438221,0.660131031908692,0.666200199175467
0.703548337565444,0.674177331709949,0.63321108928207
0.712332280604703,0.662754390724131,0.680984769201947
0.713585277208212,0.673008983293247,0.668043617256965
0.639204774983876,0.600045866646731,0.60154662546822
0.702923244596298,0.678916100619058,0.644035382107276
0.666670758574179,0.628751768977941,0.637754375442585
0.665625548758572,0.649195309914849,0.60337380279924
0.642933586092331,0.585287009267877,0.597865856961585
0.64371448553934,0.587950777786854,0.593817072566754
0.663541505001727,0.62817682157096,0.632559836198041
0.67541629110889,0.639824686761635,0.651770250245529
0.698842100442428,0.656000688485278,0.668876579315094
0.717304263671736,0.693624303668252,0.659672289505448
0.728560899137164,0.706671991280468,0.678939861417553
0.694325905483303,0.66682808434786,0.654044098001396
0.562415849757948,0.5122188621069,0.523983183416822
0.353559921349051,0.265256492747474,0.313802243729966
0.582259670262788,0.528953200283409,0.543249357407527
0.581804200131377,0.517960845248806,0.533809043843288
0.474511280898059,0.431312231130015,0.433269359725483
0.417764847875261,0.333595290592965,0.359803489067744
0.658676204187967,0.606404414602893,0.633612504398996
0.611232415343571,0.556748982107764,0.574409070158788
0.657804081468079,0.61406332746492,0.607233604448088
0.680779566979005,0.629229482031998,0.641554877897153
0.473347419144172,0.420909775760961,0.404901338788323
0.344013682714874,0.240567997963905,0.313805043168005
0.495090448733545,0.4071666804404,0.466662422665047
0.460293112790753,0.364314183082804,0.41956785322653
0.471882209948485,0.43433864290941,0.377895278580425
0.299526936012102,0.205149687205596,0.22049570236459
0.471235245559229,0.414894415612864,0.374186453195416
0.369055829622363,0.273932192138926,0.28553042477793
0.517122459175397,0.499534991994552,0.444073604159486
0.505091467769744,0.435302105240212,0.464678865157857
0.516874309620644,0.450211042916714,0.473938555639783
0.487723051991224,0.393239413511614,0.478960615390057
0.598120597908515,0.561812587579142,0.541575969673105
0.5905588412344,0.543152678860818,0.548341763738802
0.543602864062314,0.491322693861873,0.486368782162315
0.569084063760893,0.515254086015436,0.527870935643794
0.612662083102285,0.570973680777217,0.560150468230134
0.603407757261888,0.545770361291592,0.575832919313284
0.654243314470132,0.621953542496304,0.582281092144551
0.662972920025861,0.627642360219233,0.602338474065738
