analysis,network,n_ROI,t,df,r,CI_low,CI_high,p,fdrp,Full_report,Full_report_FDR
cmi_math,aSalience,24,3.963852879,22,0.645471391,0.327296477,0.832183341,0.000658678,0.00428141,"t(22) = 3.96, p = 6.59e-04, r = 0.65, 95% CI [0.33, 0.83]","t(22) = 3.96, p = 6.59e-04, r = 0.65, 95% CI [0.33, 0.83], FDR-corrected p = 0.004"
cmi_math,LECN,8,-0.443674844,6,-0.178229425,-0.784388318,0.602058052,0.672829371,0.795161984,"t(6) = -0.44, p = 0.673, r = -0.18, 95% CI [-0.78, 0.60]","t(6) = -0.44, p = 0.673, r = -0.18, 95% CI [-0.78, 0.60], FDR-corrected p = 0.795"
cmi_math,RECN,13,-0.139688845,11,-0.042080465,-0.579626706,0.520984231,0.891430677,0.891430677,"t(11) = -0.14, p = 0.891, r = -0.04, 95% CI [-0.58, 0.52]","t(11) = -0.14, p = 0.891, r = -0.04, 95% CI [-0.58, 0.52], FDR-corrected p = 0.891"
cmi_math,dDMN,23,5.179137469,21,0.748922571,0.487088173,0.887230137,3.93E-05,0.000511046,"t(21) = 5.18, p = 3.93e-05, r = 0.75, 95% CI [0.49, 0.89]","t(21) = 5.18, p = 3.93e-05, r = 0.75, 95% CI [0.49, 0.89], FDR-corrected p = 5.11e-04"
cmi_math,Visuospatial,24,1.749174537,22,0.349418568,-0.062835006,0.659811946,0.094200597,0.204101294,"t(22) = 1.75, p = 0.094, r = 0.35, 95% CI [-0.06, 0.66]","t(22) = 1.75, p = 0.094, r = 0.35, 95% CI [-0.06, 0.66], FDR-corrected p = 0.204"
cmi_math,Language,19,0.749973719,17,0.178958926,-0.29960358,0.585570248,0.463524285,0.602581571,"t(17) = 0.75, p = 0.464, r = 0.18, 95% CI [-0.30, 0.59]","t(17) = 0.75, p = 0.464, r = 0.18, 95% CI [-0.30, 0.59], FDR-corrected p = 0.603"
cmi_math,Auditory,39,2.167191187,37,0.335618809,0.022482508,0.588787153,0.03672934,0.095496285,"t(37) = 2.17, p = 0.037, r = 0.34, 95% CI [0.02, 0.59]","t(37) = 2.17, p = 0.037, r = 0.34, 95% CI [0.02, 0.59], FDR-corrected p = 0.095"
cmi_math,Sensorimotor,14,0.177743399,12,0.05124269,-0.492733407,0.566422126,0.861889596,0.891430677,"t(12) = 0.18, p = 0.862, r = 0.05, 95% CI [-0.49, 0.57]","t(12) = 0.18, p = 0.862, r = 0.05, 95% CI [-0.49, 0.57], FDR-corrected p = 0.891"
cmi_math,vDMN,19,1.238408913,17,0.287662674,-0.191578016,0.656141173,0.23239363,0.377639648,"t(17) = 1.24, p = 0.232, r = 0.29, 95% CI [-0.19, 0.66]","t(17) = 1.24, p = 0.232, r = 0.29, 95% CI [-0.19, 0.66], FDR-corrected p = 0.378"
cmi_math,pSalience,10,3.653828626,8,0.790759683,0.320908101,0.948262244,0.006458531,0.023015865,"t(8) = 3.65, p = 0.006, r = 0.79, 95% CI [0.32, 0.95]","t(8) = 3.65, p = 0.006, r = 0.79, 95% CI [0.32, 0.95], FDR-corrected p = 0.023"
cmi_math,high_Visual,14,3.240367866,12,0.683129772,0.23927752,0.890825445,0.007081805,0.023015865,"t(12) = 3.24, p = 0.007, r = 0.68, 95% CI [0.24, 0.89]","t(12) = 3.24, p = 0.007, r = 0.68, 95% CI [0.24, 0.89], FDR-corrected p = 0.023"
cmi_math,Precuneus,5,2.240691007,3,0.791181162,-0.301639371,0.985521486,0.110890486,0.205939473,"t(3) = 2.24, p = 0.111, r = 0.79, 95% CI [-0.30, 0.99]","t(3) = 2.24, p = 0.111, r = 0.79, 95% CI [-0.30, 0.99], FDR-corrected p = 0.206"
cmi_math,prim_Visual,6,0.816789556,4,0.378080711,-0.625364788,0.910322561,0.459901312,0.602581571,"t(4) = 0.82, p = 0.460, r = 0.38, 95% CI [-0.63, 0.91]","t(4) = 0.82, p = 0.460, r = 0.38, 95% CI [-0.63, 0.91], FDR-corrected p = 0.603"
cmi_reading,aSalience,24,2.042036432,22,0.399174094,-0.005033068,0.691260263,0.053316479,0.14514182,"t(22) = 2.04, p = 0.053, r = 0.40, 95% CI [-0.01, 0.69]","t(22) = 2.04, p = 0.053, r = 0.40, 95% CI [-0.01, 0.69], FDR-corrected p = 0.145"
cmi_reading,LECN,8,-1.482566722,6,-0.517797778,-0.895662937,0.294235081,0.188707268,0.306649311,"t(6) = -1.48, p = 0.189, r = -0.52, 95% CI [-0.90, 0.29]","t(6) = -1.48, p = 0.189, r = -0.52, 95% CI [-0.90, 0.29], FDR-corrected p = 0.307"
cmi_reading,RECN,13,-2.137743144,11,-0.541766282,-0.841545752,0.013141965,0.055823777,0.14514182,"t(11) = -2.14, p = 0.056, r = -0.54, 95% CI [-0.84, 0.01]","t(11) = -2.14, p = 0.056, r = -0.54, 95% CI [-0.84, 0.01], FDR-corrected p = 0.145"
cmi_reading,dDMN,23,4.001598395,21,0.657745053,0.336878779,0.841733204,0.000647239,0.008414104,"t(21) = 4.00, p = 6.47e-04, r = 0.66, 95% CI [0.34, 0.84]","t(21) = 4.00, p = 6.47e-04, r = 0.66, 95% CI [0.34, 0.84], FDR-corrected p = 0.008"
cmi_reading,Visuospatial,24,1.450065616,22,0.295362187,-0.122647777,0.624366762,0.161148183,0.299275197,"t(22) = 1.45, p = 0.161, r = 0.30, 95% CI [-0.12, 0.62]","t(22) = 1.45, p = 0.161, r = 0.30, 95% CI [-0.12, 0.62], FDR-corrected p = 0.299"
cmi_reading,Language,19,-0.305712453,17,-0.073943183,-0.510990505,0.393481446,0.76353545,0.76353545,"t(17) = -0.31, p = 0.764, r = -0.07, 95% CI [-0.51, 0.39]","t(17) = -0.31, p = 0.764, r = -0.07, 95% CI [-0.51, 0.39], FDR-corrected p = 0.764"
cmi_reading,Auditory,39,0.587315508,37,0.096107126,-0.226271248,0.39950967,0.560559072,0.662478903,"t(37) = 0.59, p = 0.561, r = 0.10, 95% CI [-0.23, 0.40]","t(37) = 0.59, p = 0.561, r = 0.10, 95% CI [-0.23, 0.40], FDR-corrected p = 0.662"
cmi_reading,Sensorimotor,14,0.957828387,12,0.266501439,-0.30756828,0.698336079,0.357049895,0.47602829,"t(12) = 0.96, p = 0.357, r = 0.27, 95% CI [-0.31, 0.70]","t(12) = 0.96, p = 0.357, r = 0.27, 95% CI [-0.31, 0.70], FDR-corrected p = 0.476"
cmi_reading,vDMN,19,0.505607018,17,0.121715973,-0.351950743,0.545753535,0.619625183,0.671260615,"t(17) = 0.51, p = 0.620, r = 0.12, 95% CI [-0.35, 0.55]","t(17) = 0.51, p = 0.620, r = 0.12, 95% CI [-0.35, 0.55], FDR-corrected p = 0.671"
cmi_reading,pSalience,10,1.745447461,8,0.525161313,-0.156070556,0.867833727,0.119054327,0.257951041,"t(8) = 1.75, p = 0.119, r = 0.53, 95% CI [-0.16, 0.87]","t(8) = 1.75, p = 0.119, r = 0.53, 95% CI [-0.16, 0.87], FDR-corrected p = 0.258"
cmi_reading,high_Visual,14,3.727077698,12,0.732475541,0.330238951,0.909564912,0.002889295,0.01878042,"t(12) = 3.73, p = 0.003, r = 0.73, 95% CI [0.33, 0.91]","t(12) = 3.73, p = 0.003, r = 0.73, 95% CI [0.33, 0.91], FDR-corrected p = 0.019"
cmi_reading,Precuneus,5,5.055124814,3,0.946011082,0.385475762,0.99653538,0.01493627,0.064723835,"t(3) = 5.06, p = 0.015, r = 0.95, 95% CI [0.39, 1.00]","t(3) = 5.06, p = 0.015, r = 0.95, 95% CI [0.39, 1.00], FDR-corrected p = 0.065"
cmi_reading,prim_Visual,6,1.018158657,4,0.453674844,-0.566441756,0.924755191,0.366175608,0.47602829,"t(4) = 1.02, p = 0.366, r = 0.45, 95% CI [-0.57, 0.92]","t(4) = 1.02, p = 0.366, r = 0.45, 95% CI [-0.57, 0.92], FDR-corrected p = 0.476"
stanford_math,aSalience,24,2.625465001,22,0.488437967,0.10590895,0.74503688,0.015447546,0.04016362,"t(22) = 2.63, p = 0.015, r = 0.49, 95% CI [0.11, 0.75]","t(22) = 2.63, p = 0.015, r = 0.49, 95% CI [0.11, 0.75], FDR-corrected p = 0.040"
stanford_math,LECN,8,-0.489790772,6,-0.19607488,-0.791400994,0.590136405,0.641673634,0.758341567,"t(6) = -0.49, p = 0.642, r = -0.20, 95% CI [-0.79, 0.59]","t(6) = -0.49, p = 0.642, r = -0.20, 95% CI [-0.79, 0.59], FDR-corrected p = 0.758"
stanford_math,RECN,13,0.363840932,11,0.109047958,-0.470188038,0.622623652,0.722873319,0.783112762,"t(11) = 0.36, p = 0.723, r = 0.11, 95% CI [-0.47, 0.62]","t(11) = 0.36, p = 0.723, r = 0.11, 95% CI [-0.47, 0.62], FDR-corrected p = 0.783"
stanford_math,dDMN,23,3.557865129,21,0.61325729,0.269072998,0.818543211,0.001860027,0.009519963,"t(21) = 3.56, p = 0.002, r = 0.61, 95% CI [0.27, 0.82]","t(21) = 3.56, p = 0.002, r = 0.61, 95% CI [0.27, 0.82], FDR-corrected p = 0.010"
stanford_math,Visuospatial,24,1.069682877,22,0.222348271,-0.198887573,0.574238877,0.296358435,0.452758077,"t(22) = 1.07, p = 0.296, r = 0.22, 95% CI [-0.20, 0.57]","t(22) = 1.07, p = 0.296, r = 0.22, 95% CI [-0.20, 0.57], FDR-corrected p = 0.453"
stanford_math,Language,19,-0.126595707,17,-0.030689506,-0.478232491,0.429506874,0.900745665,0.900745665,"t(17) = -0.13, p = 0.901, r = -0.03, 95% CI [-0.48, 0.43]","t(17) = -0.13, p = 0.901, r = -0.03, 95% CI [-0.48, 0.43], FDR-corrected p = 0.901"
stanford_math,Auditory,39,4.173491598,37,0.565754644,0.304612523,0.747787678,0.000174417,0.002267418,"t(37) = 4.17, p = 1.74e-04, r = 0.57, 95% CI [0.30, 0.75]","t(37) = 4.17, p = 1.74e-04, r = 0.57, 95% CI [0.30, 0.75], FDR-corrected p = 0.002"
stanford_math,Sensorimotor,14,1.468619987,12,0.39032485,-0.176887834,0.762907464,0.167656297,0.311361694,"t(12) = 1.47, p = 0.168, r = 0.39, 95% CI [-0.18, 0.76]","t(12) = 1.47, p = 0.168, r = 0.39, 95% CI [-0.18, 0.76], FDR-corrected p = 0.311"
stanford_math,vDMN,19,1.642851615,17,0.37014908,-0.101049102,0.705710657,0.118780025,0.257356721,"t(17) = 1.64, p = 0.119, r = 0.37, 95% CI [-0.10, 0.71]","t(17) = 1.64, p = 0.119, r = 0.37, 95% CI [-0.10, 0.71], FDR-corrected p = 0.257"
stanford_math,pSalience,10,3.16006383,8,0.745123944,0.217570996,0.935745559,0.013393679,0.04016362,"t(8) = 3.16, p = 0.013, r = 0.75, 95% CI [0.22, 0.94]","t(8) = 3.16, p = 0.013, r = 0.75, 95% CI [0.22, 0.94], FDR-corrected p = 0.040"
stanford_math,high_Visual,14,3.877724859,12,0.745761137,0.35607562,0.9144901,0.002196915,0.009519963,"t(12) = 3.88, p = 0.002, r = 0.75, 95% CI [0.36, 0.91]","t(12) = 3.88, p = 0.002, r = 0.75, 95% CI [0.36, 0.91], FDR-corrected p = 0.010"
stanford_math,Precuneus,5,1.208423817,3,0.57218678,-0.626197318,0.966528927,0.313447899,0.452758077,"t(3) = 1.21, p = 0.313, r = 0.57, 95% CI [-0.63, 0.97]","t(3) = 1.21, p = 0.313, r = 0.57, 95% CI [-0.63, 0.97], FDR-corrected p = 0.453"
stanford_math,prim_Visual,6,0.79297357,4,0.368573555,-0.632045057,0.908410932,0.472174375,0.613826687,"t(4) = 0.79, p = 0.472, r = 0.37, 95% CI [-0.63, 0.91]","t(4) = 0.79, p = 0.472, r = 0.37, 95% CI [-0.63, 0.91], FDR-corrected p = 0.614"
stanford_reading,aSalience,24,0.990079233,22,0.206534454,-0.214754604,0.563022744,0.332900547,0.432770711,"t(22) = 0.99, p = 0.333, r = 0.21, 95% CI [-0.21, 0.56]","t(22) = 0.99, p = 0.333, r = 0.21, 95% CI [-0.21, 0.56], FDR-corrected p = 0.433"
stanford_reading,LECN,8,-1.408695479,6,-0.498534656,-0.890404894,0.317773246,0.208579749,0.345896884,"t(6) = -1.41, p = 0.209, r = -0.50, 95% CI [-0.89, 0.32]","t(6) = -1.41, p = 0.209, r = -0.50, 95% CI [-0.89, 0.32], FDR-corrected p = 0.346"
stanford_reading,RECN,13,0.899679796,11,0.261802395,-0.337928906,0.71032398,0.387562115,0.458027954,"t(11) = 0.90, p = 0.388, r = 0.26, 95% CI [-0.34, 0.71]","t(11) = 0.90, p = 0.388, r = 0.26, 95% CI [-0.34, 0.71], FDR-corrected p = 0.458"
stanford_reading,dDMN,23,1.284782905,21,0.269953679,-0.160059159,0.613849454,0.212859621,0.345896884,"t(21) = 1.28, p = 0.213, r = 0.27, 95% CI [-0.16, 0.61]","t(21) = 1.28, p = 0.213, r = 0.27, 95% CI [-0.16, 0.61], FDR-corrected p = 0.346"
stanford_reading,Visuospatial,24,1.28967186,22,0.265119697,-0.154836534,0.603927337,0.210558258,0.345896884,"t(22) = 1.29, p = 0.211, r = 0.27, 95% CI [-0.15, 0.60]","t(22) = 1.29, p = 0.211, r = 0.27, 95% CI [-0.15, 0.60], FDR-corrected p = 0.346"
stanford_reading,Language,19,-0.4623577,17,-0.111439727,-0.538396995,0.361044536,0.64968746,0.703828081,"t(17) = -0.46, p = 0.650, r = -0.11, 95% CI [-0.54, 0.36]","t(17) = -0.46, p = 0.650, r = -0.11, 95% CI [-0.54, 0.36], FDR-corrected p = 0.704"
stanford_reading,Auditory,39,2.650741986,37,0.39949441,0.096089134,0.634974625,0.011750096,0.150435599,"t(37) = 2.65, p = 0.012, r = 0.40, 95% CI [0.10, 0.63]","t(37) = 2.65, p = 0.012, r = 0.40, 95% CI [0.10, 0.63], FDR-corrected p = 0.150"
stanford_reading,Sensorimotor,14,1.759632446,12,0.452883618,-0.102270554,0.792929488,0.103914133,0.345896884,"t(12) = 1.76, p = 0.104, r = 0.45, 95% CI [-0.10, 0.79]","t(12) = 1.76, p = 0.104, r = 0.45, 95% CI [-0.10, 0.79], FDR-corrected p = 0.346"
stanford_reading,vDMN,19,1.510620423,17,0.344016763,-0.130599415,0.690354316,0.14924919,0.345896884,"t(17) = 1.51, p = 0.149, r = 0.34, 95% CI [-0.13, 0.69]","t(17) = 1.51, p = 0.149, r = 0.34, 95% CI [-0.13, 0.69], FDR-corrected p = 0.346"
stanford_reading,pSalience,10,1.580477573,8,0.487794533,-0.204701334,0.85486701,0.15265278,0.345896884,"t(8) = 1.58, p = 0.153, r = 0.49, 95% CI [-0.20, 0.85]","t(8) = 1.58, p = 0.153, r = 0.49, 95% CI [-0.20, 0.85], FDR-corrected p = 0.346"
stanford_reading,high_Visual,14,2.601917909,12,0.600567356,0.102719194,0.857807567,0.023143938,0.150435599,"t(12) = 2.60, p = 0.023, r = 0.60, 95% CI [0.10, 0.86]","t(12) = 2.60, p = 0.023, r = 0.60, 95% CI [0.10, 0.86], FDR-corrected p = 0.150"
stanford_reading,Precuneus,5,1.193145745,3,0.567290787,-0.630583898,0.966048419,0.318570962,0.432770711,"t(3) = 1.19, p = 0.319, r = 0.57, 95% CI [-0.63, 0.97]","t(3) = 1.19, p = 0.319, r = 0.57, 95% CI [-0.63, 0.97], FDR-corrected p = 0.433"
stanford_reading,prim_Visual,6,0.360369823,4,0.177329265,-0.740850442,0.864480127,0.736794221,0.736794221,"t(4) = 0.36, p = 0.737, r = 0.18, 95% CI [-0.74, 0.86]","t(4) = 0.36, p = 0.737, r = 0.18, 95% CI [-0.74, 0.86], FDR-corrected p = 0.737"