"","xcoef_std_m1","xcoef_std_m2","xcoef_std_m3","xcoef_std_m4","xcoef_std_m5","xloading_m1","xloading_m2","xloading_m3","xloading_m4","xloading_m5"
"SFG_L_7_1",-0.0978935742987107,0.0222094882312327,0.0201952855524722,0.00363042962330792,-0.0170801013177858,-0.747381540700111,-0.387486193916643,-0.00886457342335087,-0.0900358969041309,-0.0720790184774779
"SFG_R_7_1",-0.108034100981076,0.0257645802082179,0.015821070800475,0.0351577283128125,-0.0253492899912928,-0.736391311104756,-0.393232314172875,-0.0230466590120854,-0.0452831966061953,-0.06736235817778
"SFG_L_7_2",-0.081555227041934,0.00313911573593334,0.00419587638470971,-0.0252811659372574,-0.0134046406775127,-0.718950610488724,-0.434737195672154,-0.0351418292926229,-0.14177278812822,-0.0441250030510071
"SFG_R_7_2",-0.0706706858891066,-0.0161858899068444,0.0155023089512196,-0.0147875078274362,-0.0214534656090495,-0.733870136229738,-0.472447646312284,-0.00311456168373657,-0.136741725719798,-0.0509915058392544
"SFG_L_7_3",-0.0633576448067575,0.0198985113203553,0.0199025119046099,-0.0109669900259917,-0.0360872473593156,-0.722147538537223,-0.363692061259867,0.00642171529949202,-0.116508510496318,-0.106396235259748
"SFG_R_7_3",-0.07311808902593,0.00709385364830392,0.0236081807893103,-0.0162293313569459,-0.0355435890576255,-0.714667883303891,-0.412214529445683,0.00813624077986585,-0.116350466993148,-0.0810002104136198
"SFG_L_7_4",-0.0541467491105722,0.00537094020958493,0.0343246654751403,0.00749898034903344,0.0394426585689118,-0.663366044698008,-0.407760077918636,0.0162456971806051,-0.0827028216225132,0.0360914347117097
"SFG_R_7_4",-0.0673461592771984,0.0118924186143257,0.0131406944686282,0.0237244657950989,0.0105496612055856,-0.69150897007269,-0.387609965553006,-0.0135813248038891,-0.0527664759612749,0.00405679583900048
"SFG_L_7_5",-0.0606511948892719,0.0102458486572979,0.0419801912400267,0.0162127988579228,0.00716362918985813,-0.645683129734707,-0.403639557416257,0.0110887192044352,-0.0577329920137427,-0.0540772268153344
"SFG_R_7_5",-0.0581415377161599,0.0156159145058234,0.0269358432569875,0.0372912839860593,-0.00607917350768172,-0.629227679946748,-0.38911914405722,-0.0134437111791826,-0.0139202472996495,-0.063591520051234
"SFG_L_7_6",-0.167342485471628,0.0517486216203188,0.0557774299779416,0.0307925375606155,-0.0947858832029516,-0.80676669486259,-0.310551808163924,0.0620160371150518,-0.0737680488090762,-0.149945962323106
"SFG_R_7_6",-0.211238098342915,0.0413931692451486,0.0748248894742563,0.0313214793888781,-0.14312321994804,-0.788428560970543,-0.351157941519471,0.0603068072400202,-0.077619077600921,-0.164523079879577
"SFG_L_7_7",-0.205020420720805,0.0696463392926805,0.191963249742792,-0.0382448192977836,-0.182295401023714,-0.737292458355477,-0.306454212663758,0.161747384843567,-0.125909210957565,-0.184359911985187
"SFG_R_7_7",-0.181431102222906,0.082054341803185,0.207511318220384,-0.03625132534309,-0.143636595815039,-0.708883038933761,-0.264725128228147,0.198341661846902,-0.111154670021876,-0.184981797552306
"MFG_L_7_1",-0.0806349239827315,-0.107116639703322,-0.0397352397696039,-0.176783269155587,-0.0858277000900069,-0.648046856188097,-0.53710672353214,-0.0445234551163804,-0.240247729621768,-0.068080374332058
"MFG_R_7_1",-0.111914810709539,-0.0653138919733192,-0.0289697654714092,-0.103133326467648,-0.0356667932444964,-0.691828783907471,-0.499827331640334,-0.0436758974082704,-0.198437569997399,-0.0388312916895876
"MFG_L_7_2",-0.082109035410574,-0.0680910334145671,-0.0667000940102494,-0.0455384111704063,0.0399318210902329,-0.656581674858534,-0.53790150443901,-0.109350055328041,-0.150887487625062,0.0338560993027286
"MFG_R_7_2",-0.067831497283398,-0.0506970688372033,-0.0165850130998461,-0.0178531654182736,0.0326857044149249,-0.665372871687548,-0.52574233420479,-0.0586231024552521,-0.132478560511462,0.0404252298469608
"MFG_L_7_3",-0.0138993940263217,-0.10956046083211,0.0150683673876846,-0.159479246608762,-0.0667227502153962,-0.588813962063628,-0.57374918223685,0.00707500648767498,-0.252167781167462,-0.0713961530125775
"MFG_R_7_3",-0.0767015930401492,-0.079751083684387,-0.0087466832877283,-0.0835043845539767,-0.0335130353490794,-0.656487406736456,-0.524979865076172,-0.0293432182735546,-0.16419257479617,-0.039763925841828
"MFG_L_7_4",-0.00776519653100834,-0.155860538990832,-0.092253339869741,-0.141824164065368,-0.0136395572868731,-0.567981561928559,-0.61064849506075,-0.113292058198487,-0.210267628794022,-0.0188289503091347
"MFG_R_7_4",-0.0412241165095386,-0.111984977963687,-0.115069505628617,-0.049606291379185,0.0595201129481892,-0.597827922026801,-0.57952888706994,-0.151603596905065,-0.136267610198082,0.037292716699278
"MFG_L_7_5",-0.093493812219573,-0.0330916287445798,-0.0512043679866378,-0.070961163811855,-0.00947906133917457,-0.675062270668296,-0.479546999520208,-0.0845150922957374,-0.174769849798297,-0.0332261907599671
"MFG_R_7_5",-0.0698988151616612,-0.049646599764104,-0.0469491354363887,-0.0946643617358285,0.0132335438940677,-0.662002325136986,-0.50220205219676,-0.0771499902901358,-0.20758493731889,-0.00221023242921659
"MFG_L_7_6",-0.0690798385832737,-0.0253394874132841,0.0133337477857668,-0.00359309814623786,0.0565260663711164,-0.669537276758378,-0.486704663652382,-0.0181970982632272,-0.110907285791968,0.0652871695786335
"MFG_R_7_6",-0.069046912171939,-0.0346130328386779,0.0155063573723441,-0.00552803060296288,0.00467368606940457,-0.685056420388606,-0.498839224937546,-0.00105141775490237,-0.121021469996957,0.00331296976012278
"MFG_L_7_7",0.00395466868961641,-0.0916330649230855,0.117028781813244,-0.171177312149223,0.0103902872117654,-0.542156192900931,-0.537998772537702,0.0929959048743578,-0.241512712007475,-0.0263616752841478
"MFG_R_7_7",-0.0557082084861845,-0.071857257995284,0.145493827549423,-0.0582192481483391,0.0589977410200223,-0.598696596490267,-0.505604290707132,0.0822503099409918,-0.124213491715812,-0.00320621105846448
"IFG_L_6_1",-0.0296699181525231,-0.0427301838155983,-0.0147632940243356,-0.0218514591739469,0.0178248556204658,-0.623436506867644,-0.571406662521617,-0.0755206277429951,-0.150568567423487,0.0385173914357171
"IFG_R_6_1",-0.0470648978808694,-0.0527516992768213,-0.00738094752290863,0.00218300952278706,0.0336850659973827,-0.645724317065176,-0.568728351126276,-0.058658990663438,-0.10886711435454,0.0621156822795015
"IFG_L_6_2",-0.010639939075281,-0.0631412015098831,-0.0412887026187142,-0.0291764093843197,-0.00169076380380293,-0.567089482657881,-0.599353912774055,-0.128664801652719,-0.155834372154429,-0.0120085684704663
"IFG_R_6_2",-0.023949992579464,-0.0542180286783336,-0.0445959075845299,-0.0135187793762739,0.0194833473532087,-0.595591696342566,-0.595469698631854,-0.158363911415831,-0.139670698313005,0.0319154488960651
"IFG_L_6_3",-0.0144229840119347,-0.0490618294756353,-0.0324459506041779,0.000996150732536143,-0.00536914894401705,-0.548367813233088,-0.577392550877081,-0.132393835347047,-0.0881464175178117,-0.0378565697994818
"IFG_R_6_3",-0.0335417328852091,-0.0550426587571734,-0.0600616074729227,0.0103115704463699,0.0171055171651096,-0.596648651035068,-0.578857210487119,-0.189352092286139,-0.0733464383363523,0.00147089233349562
"IFG_L_6_4",-0.0132796560318685,-0.0774938867620612,-0.0390177466145852,-0.0276555311172029,0.0182178302369116,-0.562544384781173,-0.624100507529658,-0.123660454462322,-0.153806803681453,0.012430079225988
"IFG_R_6_4",-0.0376928455981844,-0.0662033344392972,-0.0676230203487036,0.00546125186545703,0.0152822385975092,-0.596833774122923,-0.592015206792165,-0.183813184608283,-0.0872919563441191,0.00363519797417456
"IFG_L_6_5",-0.0240049091014038,-0.0633365892435383,-0.0377541287641783,-0.00900010792567668,-0.00783155627245009,-0.585899520775442,-0.562625495932264,-0.127007881203014,-0.121230410819779,-0.0390301008864762
"IFG_R_6_5",-0.0587380101205876,-0.0529083298232847,-0.0556509615911784,0.0367657095934833,0.00813650568943641,-0.626068233889459,-0.527732292661518,-0.147065039741009,-0.0430234046939706,-0.0119538543950979
"IFG_L_6_6",-0.0187933567383634,-0.0546069499577996,-0.0209119115383442,0.0263167659236861,-0.0141462415492003,-0.562926239675745,-0.612128306382665,-0.124514321318913,-0.0312429175180685,-0.0637618785469643
"IFG_R_6_6",-0.0255299993278467,-0.0332323719012761,-0.0288686982852716,0.0277517122152087,0.0108406974042934,-0.592129341536464,-0.56213116388365,-0.155590503665986,-0.0133028822434818,0.00641030418632091
"OrG_L_6_1",-0.0169912398935541,-0.0184947243246697,0.0965670694465166,0.0125901912952313,-0.00447526219190186,-0.479304525314986,-0.431792799051262,0.108108839908047,-0.0296067130119106,-0.0977515681271856
"OrG_R_6_1",-0.00779481968261677,-0.0161598930387502,0.130717105570849,0.121485789075519,0.0508705961621981,-0.378517910848124,-0.38341382808302,0.0918642581095269,0.108162369885837,-0.0307829395565706
"OrG_L_6_2",-0.0121358528174568,-0.0727185976986247,-0.00543008937807003,0.00638160419815235,0.0130792394135568,-0.566623348060484,-0.595900019326502,-0.0660500197377381,-0.104744492746259,0.00725043561961805
"OrG_R_6_2",-0.0253655470125025,-0.0538981656783143,-0.0257076580235448,0.00946775615971826,0.012815989423997,-0.589607600017131,-0.56854335361997,-0.105724358730086,-0.0827785525316139,-0.00199096536934624
"OrG_L_6_3",0.0715621786462735,-0.250798616971546,0.0616906127136502,0.0414240125180459,-0.0139492289956816,-0.433973613899845,-0.682049582550768,0.00454163624456108,-0.0732400761080087,-0.00460039870163772
"OrG_R_6_3",0.0291256305096276,-0.236689838405093,0.0854405589325371,0.141249873280781,0.0160427508848305,-0.481095087741999,-0.66179085165292,0.00903609295943682,0.00635977025715763,0.00671246953389435
"OrG_L_6_4",-0.00995572498580264,-0.0336717505619036,0.120735992815142,0.0456036016709956,0.0216465532088831,-0.416079502807435,-0.42672135459212,0.0962755847225398,0.008252103726522,-0.0681904763097564
"OrG_R_6_4",-0.0365648269617346,-0.032488315582418,0.202654009543919,0.0843268117223337,0.0485166055499484,-0.456532014972702,-0.408807182197891,0.164281900519543,0.0313125174294314,-0.0434307683519073
"OrG_L_6_5",-0.0413589892167361,-0.167837763490488,-0.0423017742391896,0.27915305850693,-0.14363462698901,-0.50269738527315,-0.611371455770404,-0.111453734793561,0.15305128856446,-0.143488860948645
"OrG_R_6_5",-0.0201928920107573,-0.11022635616693,-0.0365606436589857,0.234748263406307,-0.0947326909362677,-0.452330802634312,-0.575863521873685,-0.121361876624796,0.200030720050271,-0.132323723516099
"OrG_L_6_6",-0.0194424030810818,-0.0806402671317066,-0.0414900153596576,-0.0127509067687751,0.0131367006853501,-0.579483272744494,-0.598031137117508,-0.126113017948716,-0.128148088882866,-0.00350327828998818
"OrG_R_6_6",-0.039224618870254,-0.0548178004921727,-0.0447211197625643,0.0174930977287866,0.00114992325662551,-0.624708326838405,-0.57567927116859,-0.143477548322747,-0.067149323153708,-0.0156705330297599
"PrG_L_6_1",-0.0763542827274071,-0.0678108706815598,-0.00580235685365524,0.0202819090111216,0.0886028370527185,-0.643722682562239,-0.540247858469518,-0.0660397573983455,-0.0890670501703178,0.0776522873825521
"PrG_R_6_1",-0.0570332542643073,-0.0463017761950655,-0.0128118004605659,0.0190760649883196,0.0294444037811297,-0.670885360788926,-0.54852516524776,-0.0843845867818322,-0.0868388835483343,0.0369239791447096
"PrG_L_6_2",-0.0658348479597515,-0.0382523582116112,0.0352269459707843,0.0128233997935893,0.104802266230507,-0.640246529739162,-0.494932499242195,-0.0103346246753601,-0.106326133411674,0.104884733804567
"PrG_R_6_2",-0.145772949799166,-0.0610329021562188,0.0806371933382317,0.0505327302653371,0.00457640989588399,-0.715759741593886,-0.501056863050311,0.0326081776277765,-0.092355375752945,-0.0102741275996051
"PrG_L_6_3",-0.0422149326179621,-0.0147829170162619,0.0396893049747796,0.0436216982980555,0.116621252532057,-0.589126912001202,-0.444872477231368,-0.00203168383660289,-0.0247713974370604,0.162696589087276
"PrG_R_6_3",-0.0971332385288246,-0.0044439993018563,0.0388762404764751,0.0547543746596858,0.0331901307839748,-0.73222008990894,-0.437729684011404,0.0202839037465325,-0.0369627595524533,0.0265780876756239
"PrG_L_6_4",-0.021611330524929,0.011779565425694,0.0309539258091149,0.016802908829942,0.0225470749877453,-0.546901941249785,-0.284355041884313,0.0538459727385473,-0.0325764348035941,0.0186116732532093
"PrG_R_6_4",-0.0600623890303355,0.0271904959457689,0.0337273206961088,0.0674511767443459,0.0071048819032812,-0.626003282446072,-0.257775016145821,0.0151844164106597,0.0691761038191252,-0.0595814390248836
"PrG_L_6_5",-0.0305696433747011,-0.0435637632282317,-0.0160577910716202,0.056372134096942,-0.0147088973862388,-0.590358897618136,-0.543041126868163,-0.119762075879176,0.0203179450800733,-0.0590983437932921
"PrG_R_6_5",-0.0234884755006112,-0.0363316836614101,-0.027831250180182,0.0378759258797386,-0.00320258786872333,-0.570136003997304,-0.536454166449321,-0.156623940480815,0.00227779088226632,-0.0514434424904819
"PrG_L_6_6",-0.060611053090121,-0.101434434998126,-0.0196385667238464,-0.0195996885879597,0.0673509611499876,-0.609459086311147,-0.566677752342117,-0.0730296301042677,-0.127526320478608,0.0598889209483769
"PrG_R_6_6",-0.0866084306909498,-0.111263900587374,-0.00247718275561789,0.0260970358197745,0.0739066074582678,-0.640149778151039,-0.572983363255784,-0.0580135393706528,-0.101024103244931,0.0680404940835787
"PCL_L_2_1",-0.00663859693873055,0.00521784898468301,-0.0120197158293241,0.0297923745190162,0.0302372027906053,-0.437930910445241,-0.348934074560268,-0.140795720827156,0.0773540049426541,0.0147870656181929
"PCL_R_2_1",0.00948152551160779,-0.00426175311155843,-0.0158476442008317,0.0199213106131152,0.0180297285052122,-0.35775694430159,-0.399503278648162,-0.153890406865102,0.0551018730033134,-0.0427858985884406
"PCL_L_2_2",-0.0129089161907066,0.00863642410743915,0.0310471103898524,0.0292142567149353,0.0324597817174888,-0.46396605689226,-0.356453021173834,-0.021862698159355,0.0131490711661637,-0.0203094254456031
"PCL_R_2_2",-0.0298025803910682,0.0182743920082047,0.0394539090515367,0.0505466049495634,0.0185837948169828,-0.490453975549672,-0.330411171020794,-0.0212596456119408,0.0280802045734911,-0.0625385185774396
"STG_L_6_1",-0.144717920983434,0.011862544394617,0.0206540295547924,0.00598669710124255,-0.0245795340262686,-0.744084293860968,-0.316081574601327,-0.00943441775726562,-0.11071572204427,-0.0564750229217808
"STG_R_6_1",-0.149290278316607,0.0076013049459628,0.0196503197314933,0.0111227529136663,-0.0419437691068784,-0.780394777395856,-0.332138406320539,0.000588150952206488,-0.0982833171329734,-0.0871793212934354
"STG_L_6_2",-0.00168262545109895,-0.0380804315770148,-0.0580165837205159,-0.0010322858789072,-0.00777306087485486,-0.449843564119334,-0.503525537647463,-0.214409417475224,-0.033764486316541,-0.0233393147027457
"STG_R_6_2",0.00431863771516883,-0.0367462659798773,-0.0851826056484835,0.0221402025900447,-0.0146370700637093,-0.376299662720467,-0.515674871518137,-0.358369217617797,0.0533907401074042,-0.0676256306144461
"STG_L_6_3",-0.0300149957309393,-0.0868904099430361,-0.0774556109444417,0.0983412976124975,-0.0513585977787737,-0.529854562440059,-0.560599396206454,-0.203720306219694,0.0609662812125568,-0.100852050565682
"STG_R_6_3",-0.0633582770398375,-0.0271047427109699,-0.0959770904892749,0.0770531115357136,-0.082695772956706,-0.610826479340849,-0.452620451675667,-0.230792233356253,0.0305599301960955,-0.161907270677151
"STG_L_6_4",0.0146848024572901,-0.0463868059015009,-0.00883233506103522,-0.0280779259133406,0.0118063925036626,-0.464347697306755,-0.52617827131105,-0.0677620558566223,-0.112904332471347,0.0168196523053818
"STG_R_6_4",0.00150325181501749,-0.0111168111492109,-0.0975455554921646,-0.0160997418980923,0.00436418525139263,-0.402769465545662,-0.35945477464773,-0.276026632447808,-0.0485667521981258,-0.0479477729158144
"STG_L_6_5",-0.0922775548932853,-0.0109704609876642,0.00358079521741234,0.0498747141272896,-0.0473117023596059,-0.723181664147376,-0.386294501825573,-0.0483957858242096,-0.0347849557359607,-0.117698826913325
"STG_R_6_5",-0.110281244051489,0.0038987168532816,-0.0244631028149687,0.0351913292512578,-0.0670977767950386,-0.745627239214297,-0.370779183530754,-0.0930437384840302,-0.0529593308844559,-0.144250882220541
"STG_L_6_6",-0.0639238176102598,-0.00973300085411739,0.00222829313389383,0.0448124776932643,-0.0253348083575325,-0.662256975133823,-0.418180850710241,-0.058252296799242,-0.0305447331919804,-0.0776206524699307
"STG_R_6_6",-0.0107789806233,-0.00287705754841336,-0.0245491668618399,0.0112279520285001,-0.00999073163390213,-0.547671435649735,-0.416596385660959,-0.159548973751327,-0.0104142235275993,-0.0585542950823642
"MTG_L_4_1",-0.0285419495934204,-0.00264841180781877,0.0159914900035568,-0.0148824502873879,0.00907780191313506,-0.63700562195304,-0.417235553857099,-0.00170881609705522,-0.12262913585278,-0.0230944457691021
"MTG_R_4_1",-0.0150280413571955,-0.00995494891517536,-0.0169094931143222,-0.0305788364745945,-0.00904616090832725,-0.571779517905714,-0.435441138241887,-0.0811934146111479,-0.115062937131667,-0.0637441656297666
"MTG_L_4_2",-0.123622675182207,0.0339987350520493,0.0408904613833039,0.0246824493959264,-0.0181650697193016,-0.779152436547821,-0.324689603915123,0.026144528558788,-0.0893539803110323,-0.0592036958460151
"MTG_R_4_2",-0.171958032029507,0.0719637411204412,0.00432657239408328,0.0267360063390697,-0.0357401769415019,-0.805064023405919,-0.276926932129766,-0.0356868195844367,-0.0845599666264369,-0.0746522854180926
"MTG_L_4_3",-0.00300947408376025,-0.0277198149072963,0.0514090524659503,-0.0519895343001575,0.0491368159681695,-0.549632782232605,-0.459032943479303,0.0394321024527284,-0.180045144079975,0.0673217686348898
"MTG_R_4_3",-0.03709628701237,-0.0384935503671329,0.00686917970433458,-0.0959721122142102,0.0479489279017195,-0.608345863059948,-0.480912611910658,-0.0271830337008096,-0.220667301369003,0.0332865846978144
"MTG_L_4_4",-0.0660724210300009,-0.00381150199804525,0.0306970793128314,0.0222119070479055,0.0254172016112013,-0.659446628581513,-0.413752664049156,0.00036987026455438,-0.0652355450184543,0.0115377374490617
"MTG_R_4_4",-0.0963800059169131,-0.0152090747715118,-0.0393720138928263,0.0599294400269267,-0.0448574370306466,-0.646729174796849,-0.440110458528827,-0.0836048674583242,-0.0289307058316339,-0.0633935666381498
"ITG_L_7_1",-0.00403294698420598,-0.00386714851746764,0.000893420512844576,-0.00316113340048343,0.00117023689645525,-0.515915593170434,-0.392019648664479,-0.0621115778097681,-0.0719685649546487,-0.0586979381994059
"ITG_R_7_1",-0.0100279029542503,0.0091772505863777,-0.0075948309161385,-0.00291926218213592,-0.00188045430003286,-0.600003429156551,-0.227504595095535,-0.138041509160336,-0.0933251256286522,-0.0867646980534635
"ITG_L_7_2",-0.0211203186491197,-0.00591536266933501,0.00512262251137234,-0.03216515345832,0.0129895105054201,-0.618974768843527,-0.384094180587682,-0.0480444858856481,-0.2233708913437,-0.0137485037510031
"ITG_R_7_2",-0.0281860575857303,-0.0165159289912007,-0.00353906636459765,-0.0229664607258021,-0.0127925536534877,-0.66475708651412,-0.438070852979371,-0.0525256958233858,-0.22939108407841,-0.114971941265968
"ITG_L_7_3",-0.0954834078157781,0.0286249549793914,0.0102251332632412,-0.0188793344861651,-0.0167919578116052,-0.793251080623197,-0.288787601633775,-0.00100535522337574,-0.165578154850212,-0.0718656082325558
"ITG_R_7_3",-0.0807709055582254,0.0291827692180467,-0.0149329479840541,-0.00335590879956453,-0.0204365130182275,-0.775390025697493,-0.233873043401466,-0.0721252836832431,-0.11645679238062,-0.0831009417626592
"ITG_L_7_4",-0.0260337428920519,0.0171979174559254,0.0252144379565649,-0.013243141832459,-0.0136388911138175,-0.61883990262166,-0.306561012648706,0.0448758648334443,-0.133780928534948,-0.0864156778832428
"ITG_R_7_4",-0.0307562373533881,0.041213364383507,-0.0190502909471413,-0.0228908944735651,-0.010118309845574,-0.60684418799324,-0.197568314982811,-0.105101122189396,-0.130324486941035,-0.0946384570030593
"ITG_L_7_5",-0.0305072716714231,-0.0187335762437957,0.0114838434446001,-0.0406075596697331,0.0127145882694385,-0.634786566851818,-0.438533146824217,-0.0358667463108549,-0.198234139162269,-0.0175854556799224
"ITG_R_7_5",-0.0402611329672086,-0.0265115229683826,-0.00569485875965828,-0.0319365800534927,-0.00298969778141401,-0.665155598236622,-0.465018797708989,-0.0642617394489008,-0.211035815742532,-0.0591419010092765
"ITG_L_7_6",-0.0287562599280615,0.00222318863566143,0.00992927637313749,-0.0245468023449497,0.0255123506888873,-0.606456760924689,-0.374391819871003,-0.029915542061791,-0.129817558287325,0.0103388989462987
"ITG_R_7_6",-0.0219417409948199,-0.0137667410612832,-0.0169314298933401,-0.0199055246805968,-0.0104464501954587,-0.594638554201834,-0.426440591249351,-0.0958136760955046,-0.134702776231187,-0.0841521758291823
"ITG_L_7_7",-0.0197075033649058,0.00395680917611282,0.0430260703869584,0.00325750063452914,-0.00671352857557773,-0.545716983292749,-0.349916659950154,0.0500472095976814,-0.0527960956933237,-0.0604083269262001
"ITG_R_7_7",-0.015042123190884,-0.0120863574867002,-0.00647177490801774,0.0059671221837216,-0.0259489488531637,-0.503753937475503,-0.388460484630952,-0.0632350944435406,-0.0218379008479417,-0.111165147190728
"FuG_L_3_1",-0.0797876911968159,-0.0185148102864234,0.0192215734925698,0.0201371548838198,-0.0262715260609915,-0.673652440202727,-0.422485752500387,-0.0344540594535548,-0.0662135272492312,-0.0774702302654117
"FuG_R_3_1",-0.0751106734715283,-0.00493977953387629,-0.0325004036804445,0.05163236915323,-0.0295488566468712,-0.622794548029266,-0.376956080873081,-0.108935516662203,-0.00152553150816492,-0.0882911811967003
"FuG_L_3_2",-0.0532021514647541,-0.184562922032646,-0.0319153367555201,0.00676276527809475,0.0253826105616753,-0.583019865010063,-0.595859934376861,-0.128102028747907,-0.109035244303119,-0.0639565992828226
"FuG_R_3_2",-0.0543014408484098,-0.208201989988962,0.0573394830675082,-0.023694020022641,-0.0635262386747153,-0.586007852699888,-0.638909806974433,-0.0212608792251068,-0.15025899584332,-0.153348959325392
"FuG_L_3_3",0.0217268018305907,-0.135938180352573,0.00891489836419884,-0.0416135699336931,0.0787557629619883,-0.493429966651518,-0.532173366162539,-0.085884130113358,-0.132539368716656,0.00356607944940986
"FuG_R_3_3",-0.0490688807326646,-0.209470933126632,-0.010709843721854,-0.0306021957553863,-0.0732170052485206,-0.560303597733115,-0.604330354556756,-0.0784144876339584,-0.141999702105877,-0.143028649195729
"PhG_L_6_1",-0.0164699123061362,0.00305583192385165,0.00676243528767719,-0.00112359550691462,-0.00516956058185626,-0.672789573663478,-0.309637748553009,0.024775185189025,-0.105842765751382,-0.0572903120706417
"PhG_R_6_1",-0.00913751718735061,0.00443607248660969,0.00150977867327439,0.0107007923569687,0.00137044503169726,-0.529294346932054,-0.226308370791577,-0.0298611894774523,0.0696790366357957,0.00223073756727621
"PhG_L_6_2",0.00339783860646374,-0.00361063503963548,-0.00591063050077126,0.0117197096134947,0.00998098236809937,-0.311131331032901,-0.343614496286216,-0.114521298362039,0.114976409062934,0.0815345545244266
"PhG_R_6_2",0.00483640978365117,-0.000134044123869658,-0.00416378532816556,0.0140834566522206,0.00311310743396357,-0.242413267124021,-0.257547520203218,-0.101525951518295,0.130165027411539,0.00673748489032756
"PhG_L_6_3",0.0149828698171135,-0.0215889733513765,-0.00923110446436373,0.0124996207366286,0.00550021245413048,-0.18510429504182,-0.534811525091375,-0.166766943941148,0.112001345460072,0.0056476070657175
"PhG_R_6_3",0.00676605651497542,-0.0147198740835746,-0.00605764724130227,0.0146837723431342,0.00109286407168822,-0.242823383145148,-0.469522029279887,-0.140021527812978,0.14233889378943,-0.0234868053074283
"PhG_L_6_4",-0.0122006975631938,0.00247300395684315,0.00721851802322903,0.0101582837755086,0.00477922608502913,-0.576127825201983,-0.304181873072142,0.0323331924953582,0.0300988275338519,0.0390500600924892
"PhG_R_6_4",-0.00401781647139581,0.00495100252255135,0.0020460358903511,0.0125116400647841,0.00607381764381016,-0.382041732309747,-0.160804609989814,-0.0281984595219428,0.143187976468798,0.074643762219256
"PhG_L_6_5",-0.0119598354838659,-0.00147346461202155,0.00591476095289264,-0.000539705519804528,-0.00350245621402322,-0.691826650962657,-0.358624201498234,0.0461655525062974,-0.117740318115656,-0.0722539278054416
"PhG_R_6_5",-0.0150827753105327,0.00407252396778326,0.00143628368011364,0.00378373705634818,0.000582855166764297,-0.617834649869726,-0.28031269384348,-0.0256661020450533,-0.0315700790848528,-0.029283452324386
"PhG_L_6_6",0.000847112103639658,-0.0192059387426685,0.000320695502918008,0.014049780163209,-0.00740190301642162,-0.456596872951868,-0.547112762968257,-0.0974798996913153,0.019750550933615,-0.129019338369659
"PhG_R_6_6",-0.000435716420179722,-0.0225299553483302,0.0035915803290204,0.0261008260007071,0.004102481698662,-0.447806858041834,-0.563346358259075,-0.0544853911829353,0.115140316030534,-0.00379529604475504
"pSTS_L_2_1",0.011076292253722,-0.026196332362301,-0.000684286194744466,-0.0250739679398774,0.0276666725119065,-0.443388211531445,-0.492218193567202,-0.0506149386969903,-0.113554595567439,0.0836471418871593
"pSTS_R_2_1",-0.019654657433689,-0.0368123583973066,-0.00975459176522984,0.00355254368547575,0.0219847745872567,-0.561615625569641,-0.54381858448543,-0.0702091809171908,-0.0478032557160498,0.0498289339485958
"pSTS_L_2_2",0.0171163739177245,-0.0268508086565653,0.0140095069927909,-0.0228232057383646,0.0330835723095762,-0.433440129667302,-0.498809844293732,-0.019207011610976,-0.127939942802858,0.113595665898446
"pSTS_R_2_2",-0.00475064407189845,-0.030482193844814,-0.0198455473138038,-0.0057809424444592,0.0253931814212928,-0.490152583434083,-0.57892615504872,-0.134512329261157,-0.0622335738149286,0.0988250769481032
"SPL_L_5_1",-0.0357572495366328,0.0157844849566172,0.0147474751183771,-0.020448317423784,0.0237087393994234,-0.64520198487869,-0.358532385715281,-0.0067572246877741,-0.135576536063153,0.0153825744024473
"SPL_R_5_1",-0.0963529498709651,0.0491568882152666,-0.025971698000049,0.0241343073348468,0.0684800723078574,-0.703317344824672,-0.281989565044059,-0.0819480120258236,-0.0419751045390357,0.0633231399822414
"SPL_L_5_2",0.00596166487251238,0.0148104101807025,0.0429473058504659,-0.0140720567658838,0.0197478122043053,-0.49526025370302,-0.35161081055953,0.0318874565450131,-0.099568083504696,0.0174310518565278
"SPL_R_5_2",-0.0378299239308611,0.0225496299993169,0.0363803176677525,0.0139266266567963,0.0277347386846877,-0.614206779326644,-0.353718583511349,0.0208020196136601,-0.067355099731148,0.0208623261446041
"SPL_L_5_3",-0.0151378805828536,-0.0225606218717034,0.00741334436630206,-0.0334825209202925,0.0784658650001998,-0.557566860365367,-0.492412626074817,-0.0288890971732519,-0.144798766846588,0.161378181760074
"SPL_R_5_3",-0.0295870415333963,-0.00495890451968998,-0.0108222899201838,-0.0236612114474091,0.0636968107857114,-0.606215524494532,-0.441892777474674,-0.0703699221743287,-0.133472444124192,0.169841111772223
"SPL_L_5_4",-0.0693788783786011,0.0308170092380242,0.0138153508911581,0.00416762879120902,0.064399774271891,-0.697315700605497,-0.324063698466431,-0.0197480517032759,-0.094046996814368,0.0798525178404011
"SPL_R_5_4",-0.0871659578084288,0.0450700150679011,-0.0231011872585995,0.0276392474997914,0.0642378860709793,-0.696194819565925,-0.263276496000545,-0.0915832508903078,-0.0173398619788788,0.0806101204739041
"SPL_L_5_5",-0.00811444910667006,-0.017663735331055,0.0183573176347048,-0.0327569370324022,0.0446572181186884,-0.556563846870183,-0.46634770446206,0.00740459736457386,-0.164243700445462,0.0985845863514719
"SPL_R_5_5",-0.016669767934636,-0.0198574847588035,-0.00854862571379315,-0.0308840335179417,0.0529713741609662,-0.581093637152633,-0.485833771705385,-0.0632004093242981,-0.141519250031789,0.104156412237765
"IPL_L_6_1",-0.0505172027668581,0.0185583398473172,0.130500726635456,0.0527953693596674,0.0599177185639942,-0.581836706155659,-0.336403726745891,0.0510690310803868,-0.106940153616813,0.0426659679507543
"IPL_R_6_1",-0.0564646525327733,-0.136862075911152,0.175299110055182,-0.0516357872681982,-0.0326411164014287,-0.576658866628163,-0.513115432120115,0.0860352023282029,-0.176602029182659,-0.0329329084091959
"IPL_L_6_2",-0.0434883546023856,-0.0242478979081312,0.0773955336288062,-0.10917309547832,0.0712684049267393,-0.607389119399057,-0.434191660604796,0.0392699444516093,-0.23824215879294,0.0739809337381015
"IPL_R_6_2",-0.110185931987895,-0.0216311784769036,0.0850785492326205,-0.0461497797116011,0.0229085157452572,-0.663242194206721,-0.427259220329701,0.026143715113004,-0.166426308609912,0.00476536812645775
"IPL_L_6_3",-0.173328577477821,0.0197350446137606,-0.0105702736288013,-0.044927844950978,0.139295823857554,-0.739117162855572,-0.404536926439568,-0.0513292184245015,-0.155598219957483,0.128514144686398
"IPL_R_6_3",-0.186553393504559,0.000918949288752235,-0.0548837747836827,-0.0538245557826242,0.112704515674403,-0.746676438946868,-0.435492703801242,-0.0908006691934603,-0.158104729295132,0.104040115887006
"IPL_L_6_4",-0.123095131737608,-0.0423360593700044,0.0130115616618759,-0.108987537109887,0.118916858340438,-0.673978579900309,-0.45432580877789,-0.0333008278780765,-0.194806306918864,0.114337816491624
"IPL_R_6_4",-0.190761604682845,-0.0187690269349439,-0.118008341365278,-0.0869031624771391,0.12869011665893,-0.707191952892076,-0.445366416194808,-0.131382119408003,-0.156042167267354,0.105154167895198
"IPL_L_6_5",0.0606767049567652,-0.203633026225474,0.140378826386365,-0.186800718323366,0.221092964875997,-0.509061443590497,-0.558470271006831,0.0200392641811727,-0.216496542837116,0.14848950307012
"IPL_R_6_5",-0.0571038090380972,-0.184864831378288,0.00114367816237794,-0.153588967823381,0.0716261224824754,-0.588042983835707,-0.597722723268715,-0.0425554570062467,-0.201450255731961,0.0581422573546044
"IPL_L_6_6",-0.0847719142336053,-0.0625506402730419,-0.187930696150198,0.0403261110281897,0.00414353009267668,-0.562475768570231,-0.462544330932487,-0.240041864638171,-0.0189421131453456,0.00255935964732432
"IPL_R_6_6",-0.171667363104903,-0.0656344075628923,-0.317724031203752,0.0929066212665544,-0.0134051800780841,-0.633036399726153,-0.470063374559518,-0.310817792633311,0.00586219545551147,-0.0247394044132238
"Pcun_L_4_1",0.0344887481778038,-0.036233344467622,-0.0134904824678052,-0.0467596452718972,0.00931965224968963,-0.434938724775387,-0.521757938965153,-0.0836333293265335,-0.117501998289034,-0.00717385424896388
"Pcun_R_4_1",-0.00141900911045242,-0.0146908060304117,-0.00780173422210713,-0.0125295698180591,-0.00379519851630179,-0.524496213645709,-0.473714109766241,-0.0661893505427109,-0.0756169901469458,-0.0366601382862675
"Pcun_L_4_2",0.00187663427830273,-0.0177494801940593,-0.028311390342478,0.0023911903734688,0.0455380001634061,-0.471522921638563,-0.464652875118515,-0.132207763041993,-0.0211007832280523,0.0223544163539043
"Pcun_R_4_2",-0.032883617515039,-0.000546309687985538,-0.0347720052365773,0.0232417588834392,0.0597011043872267,-0.546139369535001,-0.419481055786965,-0.132069096014715,0.00197283801422441,0.0226464511800798
"Pcun_L_4_3",0.0766055291261939,-0.048822720168521,-0.0279758952123334,-0.0174232878668503,-0.145906846460985,-0.378576755177131,-0.484000758693169,-0.146067520418678,-0.0843585574601748,-0.229637234477658
"Pcun_R_4_3",-0.00836850406756686,-0.0395092465810058,-0.0104258858073398,0.0589306223496188,-0.252438569889582,-0.516101015263772,-0.450885597967207,-0.118037483968675,-0.0435236298478503,-0.29117768411326
"Pcun_L_4_4",0.149364885775073,-0.113058398121843,-0.0546475542378757,-0.0980312617465628,-0.0571747629543132,-0.180113332874391,-0.597514597910727,-0.162641173782224,-0.0998122224592095,-0.116943193923195
"Pcun_R_4_4",0.135017798804211,-0.12798734984603,-0.0410372660914834,-0.0945242177571049,-0.0955298738071113,-0.25828441598891,-0.601509677161179,-0.129390519236025,-0.0996868500625418,-0.145450120791708
"PoG_L_4_1",-0.122002653560032,-0.0362125245030339,-0.00911222162324735,0.060411417197444,0.12569960060826,-0.690497825325178,-0.494527886200546,-0.0692457601340928,-0.0533288140602605,0.113451816643023
"PoG_R_4_1",-0.170237880240991,-0.0156823943412195,-0.0375305224709629,0.0443027780696101,0.110363257779929,-0.743589976443096,-0.464371237257727,-0.0939102684989546,-0.0750989587987836,0.0855621537406243
"PoG_L_4_2",-0.0593827273399266,-0.0383261913235893,-0.088855238410157,0.109875634237994,-0.0250898408558115,-0.573463369558819,-0.469044660999296,-0.236059901131971,0.0916498727457386,-0.072657936626735
"PoG_R_4_2",-0.0558232486352874,-0.0157971429945829,-0.11465589403049,0.0671065087494854,-0.00519454822892624,-0.586849416454286,-0.422170579702894,-0.29121403293352,0.040769000402639,-0.0546155862061745
"PoG_L_4_3",-0.086453715289898,-0.0263332141871386,0.0132261491614646,0.0312978090767046,0.160183934127967,-0.648618768764858,-0.47168709969729,-0.0310398949468015,-0.064530939683163,0.197338010721832
"PoG_R_4_3",-0.131072658196368,0.0035264862215143,-0.0331172834652402,0.0187216624343617,0.117451238251754,-0.742452080910308,-0.440636724665026,-0.0934792636156228,-0.0820416575477418,0.141739490273596
"PoG_L_4_4",-0.0930889917796872,0.0471691460266971,0.0505698865505223,0.0433580490851966,0.131303068656929,-0.644977299567372,-0.283603353993819,0.01427382417808,-0.0301836442296048,0.133415866047099
"PoG_R_4_4",-0.105129456571679,0.0701152390291063,0.00781913636914355,0.0754783685129228,0.0588359428985444,-0.688806528201807,-0.164745698847693,-0.0428721440324759,0.0588387663871755,0.0431875836206915
"INS_L_6_1",0.0241095475945744,-0.0499005729122976,-0.0709404197204698,0.000565400960551007,-0.00981793623650188,-0.279569509214622,-0.581973967461953,-0.34293234602234,0.00123889473155915,-0.0672096301088676
"INS_R_6_1",0.0192169580094766,-0.0433919734689864,-0.0572317476669528,0.00828679275212309,-0.0137769777007607,-0.260798318993428,-0.605054146665291,-0.330471070877777,0.0382186053558856,-0.0817623969401888
"INS_L_6_2",-0.0192768302822437,-0.0282130418750719,-0.00543907262520995,0.00473948101476254,-0.0262766964060285,-0.601197287615804,-0.535280809818174,-0.0816689649210694,-0.0845533904844994,-0.139406084418048
"INS_R_6_2",-0.0214285216913615,-0.0196285918229872,-0.0062975264216486,0.00139487504599202,-0.0183168236246592,-0.629681240442987,-0.512107228495517,-0.0844728781247677,-0.0870043165293195,-0.128895372876817
"INS_L_6_3",-0.000876523599332728,-0.04225280495419,-0.0153677123716054,-0.00608329678095112,-0.0135258935709474,-0.475375674744173,-0.573886945569123,-0.123088256148476,-0.113391173924219,-0.0769455374542706
"INS_R_6_3",-0.0125478905038209,-0.0262593531787865,-0.0173582658360653,-0.00563914203689889,-0.0116785721212874,-0.556767209262358,-0.534441133914982,-0.127402195937967,-0.116189456101132,-0.0720482060051833
"INS_L_6_4",0.00235524432128274,-0.0257833230444303,-0.0196050794309847,-0.0114904362518643,-0.0124992406683116,-0.462629999380181,-0.540757034282378,-0.171813132866871,-0.113495216060583,-0.106399102620117
"INS_R_6_4",0.0033142282464194,-0.0266372485592851,-0.0286171878051708,-0.00941348026885141,-0.0104932830626683,-0.422784248181545,-0.550223472461778,-0.206223102876407,-0.0745395506590554,-0.0809659671091261
"INS_L_6_5",0.00717339154302286,-0.044382585540203,-0.0506730096139007,0.00641893037574717,-0.0145769835585255,-0.374529077490892,-0.566804608835093,-0.298487851364805,-0.00747720841067648,-0.108208859728259
"INS_R_6_5",0.0081045683657041,-0.0339570870948169,-0.0496581595977714,0.00806127879890744,-0.00740333205478199,-0.348319039448289,-0.54382007504132,-0.317261634317599,0.00995618241664403,-0.0751047955365323
"INS_L_6_6",0.000645640574469185,-0.0525731989123901,-0.0502735540767465,0.00116484654040883,-0.0114911154175467,-0.450155254666869,-0.560177767247606,-0.23408474149611,-0.0563416769069408,-0.0769806743885137
"INS_R_6_6",0.00771536381009618,-0.0302998046509662,-0.0410436769265884,-0.0120373217638507,-0.012321499381753,-0.40959995473041,-0.517413207485658,-0.244161516343473,-0.0919801485856706,-0.0945009661336353
"CG_L_7_1",0.0850404115183632,-0.0701556376688236,-0.0144982022110815,-0.0678428541706468,-0.019038736913149,-0.160752689625494,-0.591261270626803,-0.114859618428333,-0.114332143261318,-0.0888125135705208
"CG_R_7_1",0.0665885391852429,-0.0643012711302807,0.000448009893175614,-0.0518131495227777,-0.0216766296799145,-0.221856739871435,-0.600553971108545,-0.0742714160318827,-0.1024127395456,-0.0898850255055833
"CG_L_7_2",0.00344170188428593,-0.019057216535263,-0.00989776450165082,0.0127885330492524,-0.0100562684539562,-0.385358155563293,-0.510770131905709,-0.131203270925361,0.0193370695666375,-0.0948913353622014
"CG_R_7_2",0.0130393147536978,-0.0572586672124584,-0.0309930036746239,0.0398399720992568,-0.00935321437257977,-0.35150431830704,-0.606010386157153,-0.184175674621996,0.0662627671379379,-0.0782303844640295
"CG_L_7_3",-0.0481195735906011,-0.0374138643084546,-0.0866726410382154,0.0948790787488574,-0.0216575652579073,-0.506123826485785,-0.45496385318756,-0.198809820974923,0.0688673539433753,-0.0973545228896555
"CG_R_7_3",-0.0359887288273076,-0.0152935127111117,-0.0521301608937389,0.0456013189441247,-0.0149101084223632,-0.514052290234943,-0.432186098881399,-0.159831917512269,0.0291072706686599,-0.0992576934952318
"CG_L_7_4",0.0029260092009825,-0.0223545583268869,-0.000459068507054414,0.00146960187203872,-0.0486937492566156,-0.473485332886656,-0.456724979353667,-0.113173209311778,-0.0733815542241811,-0.237910605347838
"CG_R_7_4",0.00273405358689222,-0.0111640783604196,-0.0151551405292289,0.00158939547809612,-0.040303892485229,-0.469880501151062,-0.435076998776022,-0.166470802212752,-0.0656144029346905,-0.218681286051951
"CG_L_7_5",-0.0374943529164807,-0.0269573818662443,-0.0353392245056787,0.00955039518419945,-0.016629868709534,-0.567559389414564,-0.484263580202353,-0.136646928266443,-0.0550011041803706,-0.106820501097456
"CG_R_7_5",-0.00646933642176224,-0.0305133420029379,-0.0198802329384886,0.00810873150708701,-0.00164286219565412,-0.474677041394777,-0.513477687218153,-0.126364109522992,-0.0364897876406126,-0.0712124504328057
"CG_L_7_6",0.0537357703528407,-0.0442192472764944,-0.0273749066748724,-0.0194538297901071,0.00534524125668476,-0.276810060241475,-0.485885334418767,-0.136888575468355,-0.0200729084784966,-0.0694820088627767
"CG_R_7_6",0.0498146514886658,-0.0623699132918597,-0.00629973276078678,3.09771709395892e-05,0.0110600887246985,-0.280905812905192,-0.54754717873552,-0.0981455846575751,-0.00273583607407859,-0.0496624143371731
"CG_L_7_7",0.0540447503769866,-0.212095841581026,-0.0676133154722611,0.11297052530593,-0.0534883289197848,-0.314411982941307,-0.663455273114507,-0.155171830063643,0.0661987505342056,-0.105651254898392
"CG_R_7_7",0.0385236262639967,-0.0927604539234387,-0.0476712127461741,0.0401939075158122,0.00680384510782538,-0.283180126434886,-0.56530681168139,-0.166042463493023,0.0476786667337448,-0.0645791916803898
"Cun_L_5_1",-0.0385788904059167,-0.000500530598859501,-0.109892266674134,-0.0305441623775911,-0.000501565571059253,-0.537031398591094,-0.323486244881678,-0.321658905588454,-0.165995802883989,-0.111990885353138
"Cun_R_5_1",-0.0707489482010613,0.0429941254437636,-0.0700492456364725,-0.203301730754538,-0.104701223034229,-0.552180889542655,-0.217113957696024,-0.175214073845468,-0.399249539796167,-0.272635593254092
"Cun_L_5_2",-0.0301942575994091,0.0488601510403009,-0.166026637204778,0.0138206505789497,-0.106485941398863,-0.489746785036227,-0.260000901176426,-0.347689252596621,-0.0887732845719934,-0.219150742622263
"Cun_R_5_2",-0.0447586521617661,0.011354596003166,-0.0978725298933013,-0.0417075183048342,-0.19016654125217,-0.530330690721863,-0.345640116029421,-0.234055384694998,-0.165544604777225,-0.296425237530961
"Cun_L_5_3",-0.0167889844332965,0.101475354665009,-0.194112817379959,-0.0320505230223667,0.0291512462690098,-0.414376263281487,-0.0682773072549851,-0.441453572362842,-0.123197009277079,-0.0437836399893064
"Cun_R_5_3",-0.0167463953220078,0.0755901082103133,-0.0623674748607636,-0.124316802211333,-0.108944784759546,-0.45387492803374,-0.136781410212047,-0.205885313632297,-0.313355111857728,-0.297918453464301
"Cun_L_5_4",-0.026750304490594,-0.160013283167319,-0.0194497950183435,0.0606472420327461,-0.0510764083308429,-0.526872495512881,-0.585693488445113,-0.130871894911896,-0.029855675714609,-0.146398671506367
"Cun_R_5_4",-0.07135087067181,-0.193015741775961,0.0455659161408267,0.0285171708668759,-0.141339334178755,-0.585458993051589,-0.594251548277261,-0.0551966160261338,-0.0927959839750295,-0.225567242863873
"Cun_L_5_5",-0.0168675812051093,-0.0321040316955857,-0.0926777095351437,0.014741010566729,-0.235014205713292,-0.483665753670746,-0.386781131428396,-0.224366638666994,-0.0875637507529317,-0.327354229852334
"Cun_R_5_5",-0.0335755477722728,-0.0557072425913109,-0.0311388179348837,0.0430664257839728,-0.251777610224217,-0.532789506931342,-0.44053868928775,-0.158889761446586,-0.0787343665909311,-0.321653149582798
"OcG_L_4_1",-0.060652850714781,0.0817464736403103,-0.132112222885178,0.0907666170912583,0.119091013329923,-0.521016653844214,-0.203965349383246,-0.269352035939754,-0.0187244361784495,0.0874689521234534
"OcG_R_4_1",-0.0586016615171764,0.0440958225220543,0.0420611797062688,-0.118184361302934,-0.113736428677369,-0.49481038133509,-0.252063695337254,-0.0271490988979165,-0.254724517438256,-0.18000924161602
"OcG_L_4_2",-0.0550581973440516,-0.05450544806356,0.0362343563462551,0.0128478766287733,0.123166488293026,-0.588240016303804,-0.433517784201908,-0.0426543743006919,-0.121661029650299,0.106298347316543
"OcG_R_4_2",-0.117202531951683,-0.106297610555527,0.086532670847861,-0.0749148953672674,-0.0642118994572304,-0.643301976869273,-0.467917420772141,0.0267748277410227,-0.224064643821109,-0.11479765406638
"OcG_L_4_3",-0.00851022793027103,0.172146997148084,-0.335296155131779,-0.0594968652800921,0.118834983242983,-0.3626960518644,-0.0375722783574949,-0.480911203065811,-0.113494285871727,0.0252414291048707
"OcG_R_4_3",-0.037708787666971,0.137775235919414,-0.0467405441137901,-0.340280526714898,-0.198211218020939,-0.4402747931075,-0.104133052411831,-0.0983577015199521,-0.415894709759949,-0.315210852665339
"OcG_L_4_4",-0.0930420348312537,0.0446371932256039,-0.228765355559456,-0.107780931305709,0.106239075527532,-0.522890918231928,-0.244971918931632,-0.318307988311798,-0.211210233297917,-0.0179290189330706
"OcG_R_4_4",-0.112757744677681,-0.0451000496241456,-0.00134219169940929,-0.32412267213199,-0.139502117375808,-0.571918045378421,-0.347331491990313,-0.069260634390041,-0.410224891807222,-0.235837029426627
"sOcG_L_2_1",-0.0216493735747521,0.0905936315568907,-0.0308365173009816,0.0282839832804432,-0.0482851248351324,-0.487712671459145,-0.141392431534059,-0.133516809124485,-0.0760235552129741,-0.121580317154336
"sOcG_R_2_1",-0.071614219938137,0.115070408665702,0.0217114987104239,0.0765785223313546,-0.144362643357052,-0.550399764600828,-0.107765961992432,-0.0510570284917812,-0.0451200098722932,-0.241346997839264
"sOcG_L_2_2",-0.0384274800679004,0.054248505265743,0.0530389036266149,0.0553365625847826,-0.0494821611754104,-0.567155129180203,-0.22524143501012,0.0294800612220243,-0.0514098682418952,-0.099772883459805
"sOcG_R_2_2",-0.0926608914343378,0.0435875072558129,0.0880569208512833,0.125348843767823,-0.114380574877966,-0.615151781699951,-0.283142605887363,0.0316238483855173,-0.027890675451265,-0.135595662701532
"Amyg_L_2_1",-0.00439170015574649,-0.00742780056375526,-0.00362553054002841,0.00556043986010537,-0.00601628442963663,-0.487068282866088,-0.418922284268576,-0.111798029557964,-0.006390408594569,-0.0807456986100959
"Amyg_R_2_1",-0.0074152098597308,-0.00967976526803874,-0.00265400910398673,0.0254494255811584,-0.013721930363685,-0.417778842166268,-0.36450776233156,-0.0880660429377634,0.107615360963915,-0.100185163423462
"Amyg_L_2_2",-0.00138775049316918,-0.00402858928055176,0.000352943879404796,-0.00181310887614672,-0.00280072966576789,-0.470955478328558,-0.416902517966582,-0.0533031442026374,-0.0956653646707867,-0.0896685822765146
"Amyg_R_2_2",0.00256351083724095,-0.00461959730502911,-0.00565483524612028,0.00148234846698027,-0.00410177157208235,-0.258669953565496,-0.344327917076343,-0.156344802323671,0.0320987269649099,-0.0877482136472598
"Hipp_L_2_1",0.00749174480726205,-0.0325794686366441,-0.0469096744394602,0.0302930022619924,0.0129122515882092,-0.382858051233793,-0.409363239758568,-0.187428869360934,0.0317477141373436,0.0041235964860772
"Hipp_R_2_1",-0.0132341685657932,-0.00161334700956914,-0.0342000643308957,0.0743406804030018,0.00468649222467005,-0.383575103171913,-0.285990957124937,-0.177794643417611,0.156750817054419,-0.00698729176386548
"Hipp_L_2_2",0.0589318671827133,-0.0724928513535953,-0.0687570734705664,0.00853725478331338,0.0120746151062824,-0.249296596249847,-0.493688551063663,-0.2436886075837,0.00429380123102612,-0.0567642548656331
"Hipp_R_2_2",0.0392209122636833,-0.0726214129120709,-0.0709429090591822,0.066147269332694,-0.0211417104271307,-0.282341419144885,-0.462049263927734,-0.238771467885937,0.0936789103627789,-0.108044346187782
