"","xcoef_std_m1","xcoef_std_m2","xcoef_std_m3","xloading_m1","xloading_m2","xloading_m3"
"SFG_L_7_1",-0.0918288272153153,-0.0150912011940479,-0.0351004921177947,-0.504899369418823,-0.467868332272378,-0.296959327148893
"SFG_R_7_1",-0.0904343632047954,-0.0397180433553261,-0.0440758748010941,-0.485203625436036,-0.505956818214447,-0.297199743436469
"SFG_L_7_2",-0.0984130828670592,-0.0287557034766938,-0.021966690646263,-0.510386875515689,-0.483636988351838,-0.285247670389803
"SFG_R_7_2",-0.0695051297799307,-0.0140169382955157,-0.0238019934571515,-0.499004640576694,-0.473452956352043,-0.299526838394908
"SFG_L_7_3",-0.024263435999303,-0.0148710895673675,-0.0494253261834496,-0.400422351439338,-0.480857153443966,-0.330894284651347
"SFG_R_7_3",-0.0629118623914389,-0.00554983832867718,-0.0796123851400015,-0.449716556396381,-0.464400800187417,-0.356730879557161
"SFG_L_7_4",-0.0805289522186702,-0.0434032078997557,-0.0146832915155601,-0.506221792989561,-0.509794637088866,-0.259965213941584
"SFG_R_7_4",-0.0636488554741998,-0.0531005168030283,-0.0129135911641383,-0.471849596179538,-0.520931564392508,-0.248614628818281
"SFG_L_7_5",-0.109125973316048,-0.0602030440620633,-0.0212775987771905,-0.505917476274255,-0.549397066350588,-0.242526944390214
"SFG_R_7_5",-0.0843435387967751,-0.0676510347341375,-0.0189063589955394,-0.481750985712859,-0.559866819428419,-0.237816867846929
"SFG_L_7_6",-0.0970547357454298,0.0232961285346147,-0.0996649684758376,-0.4670883809809,-0.397327066627129,-0.358801536935264
"SFG_R_7_6",-0.11530006208302,0.0283638947159347,-0.152854570677386,-0.456963633157435,-0.406083903050356,-0.378586643886318
"SFG_L_7_7",-0.0220720721987718,-0.012314093333267,-0.171916545919276,-0.317109368695131,-0.411672493992745,-0.380701540563801
"SFG_R_7_7",0.0148301535021765,-0.0368633620176363,-0.142934483921195,-0.288023617101512,-0.439368061728941,-0.386102036581884
"MFG_L_7_1",-0.0918950766632341,0.0173910629926926,-0.0634312275154485,-0.458585463467357,-0.41587820309003,-0.331166519076885
"MFG_R_7_1",-0.120494787372088,0.0340633170585713,-0.0901384267463317,-0.494066675860179,-0.409204624201014,-0.357804682722565
"MFG_L_7_2",-0.093575553540929,-0.0572185780376104,-0.0521042954810348,-0.477886670976592,-0.508147817117069,-0.335137939359948
"MFG_R_7_2",-0.0636399156965467,-0.0466902287310969,-0.0415911141566636,-0.469307767285183,-0.506703519902144,-0.329668138968105
"MFG_L_7_3",0.00157307533861651,-0.000161666325724155,-0.0647729212652173,-0.342317999960794,-0.425861627342361,-0.366412287287176
"MFG_R_7_3",-0.0827155887230046,0.00598597757399197,-0.0983181702533743,-0.432629604805084,-0.44079095805028,-0.383556130681486
"MFG_L_7_4",-0.0490904717331498,-0.00840951477149576,-0.106315001820136,-0.416596856291715,-0.464659263885808,-0.38096089017065
"MFG_R_7_4",-0.0888637088550518,-0.00518175885037675,-0.122217695672093,-0.451125580521991,-0.478642897582949,-0.397667453068708
"MFG_L_7_5",-0.146740476483285,-0.0397823184808449,-0.0048748870337521,-0.532913850786185,-0.479896829807626,-0.275632623331143
"MFG_R_7_5",-0.0762657788587898,-0.0284270974812545,-0.0485394531924849,-0.460737613745341,-0.481679997288548,-0.323093757717538
"MFG_L_7_6",-0.0960370236961642,-0.0573320262339336,-0.0064598226518041,-0.512948560388705,-0.515614019924072,-0.269825077017983
"MFG_R_7_6",-0.0766504546889627,-0.0601947988850688,0.00650717443266841,-0.496404442738162,-0.529346762271845,-0.245235537423666
"MFG_L_7_7",0.0448165675960452,-0.109484108408987,0.0276227236245358,-0.224410546012238,-0.554027121961234,-0.243895551309368
"MFG_R_7_7",0.021817531057776,-0.184371723471091,0.0339244013777251,-0.247528724268332,-0.598779679270895,-0.258740901647338
"IFG_L_6_1",-0.00413159518869262,-0.0326716310351254,-0.0459487018066821,-0.371408851693792,-0.518464788498142,-0.371441538631974
"IFG_R_6_1",-0.0221506323676463,-0.0344089281197678,-0.049614172628033,-0.416898180622197,-0.524774402859797,-0.373808257415073
"IFG_L_6_2",-0.00252579263298204,-0.0103133747388269,-0.0645644234860145,-0.361255091944793,-0.463826153323451,-0.404847160535701
"IFG_R_6_2",-0.0185866586996017,-0.00788423560141966,-0.0581671606494823,-0.396404178085114,-0.471653718852375,-0.409741213407541
"IFG_L_6_3",0.0241751623104181,-0.0197812684894852,-0.0786812026523721,-0.256669129489374,-0.478812704497148,-0.419648130003644
"IFG_R_6_3",-0.0021895563861387,-0.0302086829259411,-0.0840474062929258,-0.316027671953424,-0.517669756291507,-0.401628357844784
"IFG_L_6_4",0.00807715365531161,-0.00278852507294532,-0.0872908883911696,-0.290183610252797,-0.434129595802046,-0.421463315216969
"IFG_R_6_4",-0.019264638238226,-0.019282858929008,-0.101921551288163,-0.338200934173624,-0.486541034803752,-0.430167634964698
"IFG_L_6_5",0.0133013269221234,-0.0190798192242694,-0.0988765548258496,-0.310864847944921,-0.512853581297269,-0.413413612069797
"IFG_R_6_5",-0.0100009880966232,-0.026385770511335,-0.12879075792659,-0.347508721183436,-0.528015645497268,-0.415182518730708
"IFG_L_6_6",0.0327842114837168,-0.0279648860753671,-0.0724196896998194,-0.219578996134969,-0.527805275025333,-0.391602871717845
"IFG_R_6_6",0.0254436743902325,-0.035788575924717,-0.0636336024836405,-0.243177304197027,-0.558368226880296,-0.380269913537005
"OrG_L_6_1",0.0629614008749804,-0.0955783366131856,-0.00104380177142841,-0.0930971717782912,-0.586657530628681,-0.231198515992377
"OrG_R_6_1",0.0593164685548749,-0.11335827464242,-0.0370174235017975,-0.133327238949607,-0.601305203363486,-0.279784061114567
"OrG_L_6_2",0.00349800844900453,-0.0121892113269536,-0.11237664688397,-0.299896964784766,-0.467754705362229,-0.411602456084146
"OrG_R_6_2",-0.0313517055377172,-0.0276830662904034,-0.0987066914043837,-0.347829044339076,-0.494537472571152,-0.402909658915995
"OrG_L_6_3",0.00118522686583242,-0.00374076930746032,-0.174842009775698,-0.264217782095067,-0.477253989970275,-0.385129382769207
"OrG_R_6_3",-0.0429814096519352,-0.0491591838559041,-0.192766324637478,-0.276428788311059,-0.525369766252861,-0.374512047603845
"OrG_L_6_4",0.0898518832486809,-0.118829706265204,0.0286087011004554,-0.0183129887530164,-0.541408036071362,-0.142605085663144
"OrG_R_6_4",0.118170047539517,-0.194561650815059,0.0456271023901489,-0.0350159378239316,-0.605017997884247,-0.162800901987469
"OrG_L_6_5",0.0793177077384322,0.0174615803728826,-0.196973966739475,-0.131338295377403,-0.46351636903658,-0.356027211444278
"OrG_R_6_5",0.0701594967360757,0.00828927091587268,-0.128933922120718,-0.0786921597065862,-0.455327589573826,-0.304439944036955
"OrG_L_6_6",0.000552586148540767,-0.0140291201238903,-0.116355102145974,-0.316055736509379,-0.486620481012594,-0.424867588537734
"OrG_R_6_6",-0.0327821405391752,-0.0241595983997963,-0.11163997556091,-0.370802719601298,-0.513354112654865,-0.428743303654344
"PrG_L_6_1",-0.0476809102743812,-0.11130093451629,-0.0714617731768187,-0.414897506745662,-0.624017350361691,-0.322788585192614
"PrG_R_6_1",0.0116820002494717,-0.0689106692476689,-0.0614738646589271,-0.32552096387957,-0.620882455188298,-0.343442115189065
"PrG_L_6_2",-0.123292975228091,-0.0681767956981166,-0.0380709641371472,-0.543902907332823,-0.549865734873153,-0.292901505506781
"PrG_R_6_2",-0.126166745326194,-0.105719066428107,-0.0482599528328322,-0.507621767090855,-0.576770000281173,-0.28783714645663
"PrG_L_6_3",-0.0803096898894514,-0.0680745856516653,-0.0301200954420032,-0.456375788174087,-0.580307113549582,-0.270564194817054
"PrG_R_6_3",-0.0756952710860495,-0.0583451550109027,-0.0300114869615225,-0.475783314627567,-0.575690889285194,-0.28084727606216
"PrG_L_6_4",-0.0553974358183597,-0.0209280805045679,0.000348020666573909,-0.491036124869539,-0.463314999585269,-0.169996238941401
"PrG_R_6_4",-0.0676924273055903,-0.0349756769279048,-0.0268929632518394,-0.463407406213717,-0.527132106500703,-0.253021437545591
"PrG_L_6_5",0.0590044723604417,-0.043522309136995,-0.0718181249415457,-0.157864045318971,-0.570887461144179,-0.325916782172601
"PrG_R_6_5",0.0493804490006894,-0.0476104216001328,-0.0607586700798945,-0.185182138119281,-0.586172203081552,-0.316402313327377
"PrG_L_6_6",-0.00094556221869277,-0.115276436709499,-0.101627887727317,-0.370765565779776,-0.595891654211106,-0.354111053281622
"PrG_R_6_6",0.0216577788500856,-0.104234191764562,-0.096092775638727,-0.343110894547486,-0.602470024984761,-0.350458486351407
"PCL_L_2_1",-0.041407856993803,-0.0302146081447143,-0.0253446951411264,-0.404104442084099,-0.575850706581685,-0.264418070916784
"PCL_R_2_1",-0.0238715341253903,-0.0542929262400176,-0.0339476209006775,-0.332008053457275,-0.651028287893538,-0.277071397642879
"PCL_L_2_2",-0.0797334404055674,-0.0650410332051973,-0.0304628830463124,-0.440578006315462,-0.592849098942346,-0.2350504634593
"PCL_R_2_2",-0.0872275121493082,-0.0825365961911542,-0.0538540890246022,-0.423374284280751,-0.604882166450828,-0.266302116437719
"STG_L_6_1",0.003071297758773,-0.0528344171011262,0.0711729484325295,-0.342286004450571,-0.407320848503701,-0.0746594434237469
"STG_R_6_1",-0.0218336997473197,-0.0864990684254727,0.0705356672188782,-0.369901244862709,-0.450861935595226,-0.085556441188894
"STG_L_6_2",0.0426906868552167,-0.0183658291177329,-0.0208371390309246,-0.176649541465416,-0.519261524434433,-0.2788791966566
"STG_R_6_2",0.0519555784523422,-0.00575175372534823,-0.0247109095312548,-0.119856840591135,-0.514181393233571,-0.295316492176353
"STG_L_6_3",0.107776922560546,-0.0368840065166715,-0.0587454210946684,-0.13146280573694,-0.548297871197845,-0.254757159859579
"STG_R_6_3",0.0930574663923715,-0.0246381388300056,-0.0587159107853234,-0.16983563675037,-0.527005687468661,-0.250665668802302
"STG_L_6_4",-0.0229828664794544,-0.00617329796456931,-0.0125138998481636,-0.344242624616615,-0.5045043771108,-0.253918761699675
"STG_R_6_4",0.00508462971443719,0.0053387846816446,-0.00561530955652331,-0.291389608692662,-0.488705824039647,-0.233873893683347
"STG_L_6_5",-0.0193229279314414,-0.0183355166440555,0.0192795290713188,-0.378296810943315,-0.414224116073796,-0.111894807804862
"STG_R_6_5",-0.0405629367576871,-0.0387186878408825,0.0281395204947388,-0.402359878318324,-0.44462134205908,-0.104739423007626
"STG_L_6_6",-0.00514779731356978,0.00399852689985657,-0.0166254879642591,-0.334133079907692,-0.440307025238068,-0.183606041327936
"STG_R_6_6",0.00850933648426256,-0.00383957836602805,-0.0212675825998984,-0.28300447402609,-0.502957129897342,-0.277435255129093
"MTG_L_4_1",-0.0368234047879979,0.0146564860446337,-0.0039155537303786,-0.403089463221915,-0.465636274621131,-0.223205166062298
"MTG_R_4_1",-0.0295717522877343,0.0268207364914141,-0.0199605631955295,-0.360792088555683,-0.46825307634806,-0.268367680858019
"MTG_L_4_2",-0.0663270239253557,0.0227069469232051,0.0287890481284268,-0.456776834181564,-0.3815375627086,-0.114117028320051
"MTG_R_4_2",-0.111190219798241,-0.0268671554249614,0.0475258352892809,-0.478099053475041,-0.418346010719137,-0.110660830474633
"MTG_L_4_3",-0.0688755143698477,-0.00704928668439073,-0.031486275945857,-0.421642527198479,-0.479321274293464,-0.278753683649634
"MTG_R_4_3",-0.0315945971556215,-0.0165507729261142,-0.0104135210957717,-0.352852575681242,-0.513935812800551,-0.232405189087483
"MTG_L_4_4",-0.0302485299398234,0.0330174309053018,-0.0142092898793061,-0.349135073294757,-0.439665925283187,-0.223108446687936
"MTG_R_4_4",-0.00198472483106923,0.0485061873821784,-0.0726285774195575,-0.321445678088871,-0.460709524563809,-0.263002881002385
"ITG_L_7_1",-0.00268031929821762,-0.0125730344171289,0.0170422365872988,-0.310528091839495,-0.528960059403763,-0.131232532742947
"ITG_R_7_1",-0.00762987471091325,-0.0109190087387306,0.00551587739446532,-0.383029293028523,-0.490259516274043,-0.121344267304545
"ITG_L_7_2",-0.018507453761637,-0.0223111001229938,-0.00659610911590897,-0.354794841608934,-0.513370610488089,-0.230334197481318
"ITG_R_7_2",-0.00744813004311379,0.00323876087946545,0.00183980553711712,-0.318185657769073,-0.426735193099577,-0.197573219024174
"ITG_L_7_3",-0.0386354868323684,-0.00410054789925673,0.0259417978895909,-0.438245608172805,-0.387729468460666,-0.115897895522034
"ITG_R_7_3",-0.0354421342991488,-0.0339517202236271,0.0208573284849393,-0.438842950039235,-0.433265413025778,-0.128605111400726
"ITG_L_7_4",-0.0337541766689301,0.016402774862892,0.0136668327619708,-0.425928609367219,-0.397675690443408,-0.133365298142584
"ITG_R_7_4",-0.0481018828885564,-0.00472254310813678,-0.00489774979485666,-0.44816888027948,-0.422170275300663,-0.176677251165366
"ITG_L_7_5",-0.040064277812798,-0.0233201692797225,-0.00980190694990765,-0.400092859122649,-0.514819178573884,-0.231392560013038
"ITG_R_7_5",-0.00977362134726812,-0.0101563452982773,-0.000973095916709727,-0.339709967293902,-0.497197940367063,-0.197179816044916
"ITG_L_7_6",-0.0268601791062052,-0.00893500645083864,0.00255586878453662,-0.327458042132374,-0.490370067311873,-0.232853968303046
"ITG_R_7_6",-0.00589429347750248,0.00856874155559477,0.00362018838014267,-0.274943607548871,-0.451891038473646,-0.225308812942637
"ITG_L_7_7",-0.0283145999759727,-0.000807162609890644,0.0204922293119214,-0.338731923734341,-0.486012796192372,-0.175602074518992
"ITG_R_7_7",0.00890301402679893,-0.00210337343772346,0.00687092557293118,-0.232899846769144,-0.492858109481504,-0.209986023488276
"FuG_L_3_1",-0.00414215084502765,-0.0706694042099525,0.0620753449738104,-0.35033494687245,-0.538841946631392,-0.144702269864316
"FuG_R_3_1",-0.0150112928101389,-0.120875361650058,0.0711400397594566,-0.35622858289321,-0.566264463075754,-0.141969859970895
"FuG_L_3_2",-0.0449397438936237,-0.0972768824570044,0.0439456065754776,-0.35979255894634,-0.587656715700157,-0.166678272803153
"FuG_R_3_2",-0.03510733978711,-0.0180327559091728,0.0880337875652932,-0.324515571686884,-0.487354647320983,-0.0884484904391754
"FuG_L_3_3",-0.0174036527161855,-0.119544741024158,0.0657061426018969,-0.291663382693852,-0.579946880673862,-0.17531897855148
"FuG_R_3_3",0.029622127158682,-0.0215292845247388,0.0733457832790846,-0.244924744572266,-0.503669954697772,-0.1638270083943
"PhG_L_6_1",0.00397302134754608,-0.0123337190863188,0.0107914554187099,-0.300910377088524,-0.491774525294247,-0.0975620863898169
"PhG_R_6_1",0.00266796759068622,-0.018322742809068,0.0105797967046361,-0.285230991394528,-0.540481439617407,-0.0920412581407676
"PhG_L_6_2",0.00199552535445021,-0.0114187551252471,0.00320885386269232,-0.168695055313895,-0.528269330069521,-0.149828190404629
"PhG_R_6_2",0.00763845244375189,-0.0138974852518519,0.00683895046659679,-0.124346583492384,-0.52489340044654,-0.121214904407334
"PhG_L_6_3",0.00903013540834329,-0.0153921703257263,0.00675313891396515,-0.11589070401656,-0.570452167767303,-0.146793790009806
"PhG_R_6_3",0.0108496587936418,-0.00861381117091407,0.00642869578732635,-0.0585479361440675,-0.504859318457773,-0.124574593748425
"PhG_L_6_4",-0.00480248956421409,-0.0133629536861048,0.0115625586785994,-0.29743764752461,-0.519605653145308,-0.102823198190421
"PhG_R_6_4",-0.00304576805852056,-0.0109260418794356,0.00712626928757412,-0.286815760859244,-0.500337729344438,-0.116911875442146
"PhG_L_6_5",0.00473456198916809,-0.00768594510015414,0.0063523970254099,-0.262814319909857,-0.457740434802922,-0.0957715216669384
"PhG_R_6_5",-0.00504454367529763,-0.0204532901777173,0.00958705146195769,-0.355373149789721,-0.485837551339486,-0.126211259197336
"PhG_L_6_6",-0.0067779110253599,-0.00997247957673794,0.00671938365080792,-0.327096578946155,-0.550575044162403,-0.14447891229342
"PhG_R_6_6",0.000553126409634511,-0.0159500062754012,0.0081678453915533,-0.200465374920799,-0.553677997298983,-0.131790413491349
"pSTS_L_2_1",-0.00763022990027355,-0.0151125024374319,-0.0121982925126674,-0.288074087163268,-0.492448055934931,-0.265909308787449
"pSTS_R_2_1",0.0199823732950058,-0.00749900796764014,-0.0220529691892315,-0.215719781851356,-0.476615891414003,-0.291647595347386
"pSTS_L_2_2",-0.0160464294081028,-0.0206309703392294,-0.0192752909397188,-0.333995176489988,-0.507934106105046,-0.297799522017126
"pSTS_R_2_2",0.0064159183300169,-0.0069471448148543,-0.0113545255601409,-0.263027037560917,-0.502094418435318,-0.289544154133296
"SPL_L_5_1",-0.0723213360221046,0.00600902190372552,-0.0138180486388877,-0.481328240194106,-0.452235111824815,-0.248268959080116
"SPL_R_5_1",-0.107371404853076,-0.00280665094703025,-0.0432727907836397,-0.486934051875735,-0.474050520208216,-0.300427692136229
"SPL_L_5_2",-0.0539814319964844,0.00593182351780073,-0.00647819686564284,-0.415840360674789,-0.464440745958504,-0.227766628161986
"SPL_R_5_2",-0.0827266960006571,0.002676631973404,-0.0148499538628987,-0.465270670108551,-0.471593504678855,-0.248475551388549
"SPL_L_5_3",-0.0435412937094267,-0.0312689124634685,-0.0145850480916663,-0.383240988270138,-0.539625654490753,-0.23549240121985
"SPL_R_5_3",-0.0347111904971837,-0.0263454590693245,-0.0290947024584087,-0.381883652224512,-0.547041309596044,-0.285789223978534
"SPL_L_5_4",-0.0891926363432951,-0.0116553989800428,-0.0108158986640515,-0.492788090546558,-0.504061585135546,-0.234328005177292
"SPL_R_5_4",-0.0775543177641688,-0.0111997837630025,-0.0385139313108132,-0.469802353105824,-0.511149716878155,-0.30000805201003
"SPL_L_5_5",-0.0329989879892514,-0.0121973523318994,-0.0152850720438805,-0.38473885406126,-0.512962060062852,-0.250437168994967
"SPL_R_5_5",-0.0365034846449364,-0.0251659376626716,-0.0295184306363409,-0.375339310787952,-0.539915470255743,-0.279623790512276
"IPL_L_6_1",0.0164211788188114,-0.00394917144939794,-0.0868864949103311,-0.330075333788349,-0.47510882211264,-0.260725063764809
"IPL_R_6_1",0.0228807956732568,-0.063400741951354,-0.0691916018909467,-0.303333577867416,-0.519720301497381,-0.253450436687778
"IPL_L_6_2",-0.103420239527247,0.00784484472689822,-0.0287002432852612,-0.435416433280707,-0.448347919043684,-0.247324266822886
"IPL_R_6_2",-0.139709118110759,-0.0297771845221718,-0.0296802383226009,-0.45234393285748,-0.503027536364809,-0.269598537762584
"IPL_L_6_3",-0.140686137733847,-0.0694949625620865,0.0107639814844324,-0.431141788973312,-0.53316095105594,-0.221688197154748
"IPL_R_6_3",-0.111839527392543,-0.0789784115197762,-0.0199295593230802,-0.384499879046675,-0.548762998686399,-0.25678312920491
"IPL_L_6_4",-0.131764938524525,-0.0168020813522978,-0.0113825855391839,-0.407527890771625,-0.467928768965218,-0.281794080686973
"IPL_R_6_4",-0.147963528371084,-0.0411635726496107,0.00833419526391253,-0.398250701459749,-0.503611493947276,-0.270177880172798
"IPL_L_6_5",-0.0824325242430157,-0.0473683739136778,-0.189989985618425,-0.382675179582992,-0.493722018259389,-0.358350168066152
"IPL_R_6_5",-0.0619894024525862,-0.0749495726089877,-0.0482042491999844,-0.35654647257113,-0.52718226295896,-0.299512030271554
"IPL_L_6_6",0.14978006603974,-0.0623879558244212,-0.0609548180316375,-0.151846267200594,-0.541107076575557,-0.290278998395509
"IPL_R_6_6",0.149212833565722,-0.0467731096034585,-0.0750044004227937,-0.176193023313854,-0.528712287268393,-0.307874859719632
"Pcun_L_4_1",-0.0375269741235095,-0.0116573884935805,-0.0579821800502104,-0.361344826117382,-0.516528358860647,-0.302757348291273
"Pcun_R_4_1",-0.0634223291953917,-0.0142547542502929,-0.0462279723657273,-0.408929020012336,-0.51671657538508,-0.295004016265944
"Pcun_L_4_2",-0.0489977339337048,-0.0385983760545997,-0.0529734035121021,-0.355039812064313,-0.569474847900613,-0.280732079329732
"Pcun_R_4_2",-0.0524132256309355,-0.0434484698142447,-0.0803981488050644,-0.353401125598249,-0.583076037510894,-0.325070448129523
"Pcun_L_4_3",0.0570659896552924,-0.193978440359071,0.0589579739336953,-0.239280751554381,-0.715964099550543,-0.0903380813554409
"Pcun_R_4_3",0.0495054033672557,-0.288481087298172,0.108093867537188,-0.26673322865843,-0.759842660528125,-0.0685351408291208
"Pcun_L_4_4",0.0228951940217529,-0.147768766810262,-0.0786677218493122,-0.201154669753721,-0.669140854943302,-0.235873619483124
"Pcun_R_4_4",0.0350560159958069,-0.202281081485784,-0.0794824185003836,-0.191184478879246,-0.688293664567291,-0.217069421710105
"PoG_L_4_1",-0.0827229369819774,-0.116523000655381,-0.0531108695228394,-0.421645734267284,-0.619828123907796,-0.290643512802079
"PoG_R_4_1",-0.0385491918696706,-0.125284180149307,-0.0588681684088521,-0.377886544127284,-0.628724199412245,-0.29968387865162
"PoG_L_4_2",0.0958474168949765,-0.0674789328476364,-0.0759726226274238,-0.133996885955191,-0.595527273368275,-0.311981359801851
"PoG_R_4_2",0.098719142200173,-0.0535254016937181,-0.0732980936501104,-0.141962141201377,-0.590111833854967,-0.313791689951327
"PoG_L_4_3",-0.112847630851723,-0.0762814032340848,-0.0327836688802526,-0.461629208192902,-0.570655478130607,-0.285380725181148
"PoG_R_4_3",-0.0513387501605131,-0.095017784079511,-0.0287136623650541,-0.379329693614686,-0.620408951265491,-0.278811797028161
"PoG_L_4_4",-0.109138578582751,-0.0442058356068544,-0.0246861557932214,-0.449592933134662,-0.52197634669719,-0.228915440707021
"PoG_R_4_4",-0.086561962656105,-0.0280836879023296,-0.0379568554676366,-0.476050409373778,-0.52389859446718,-0.27395131512223
"INS_L_6_1",0.0797441238761499,-0.023184917689579,-0.0287023155524619,0.005194923440916,-0.544018293656257,-0.288158089643606
"INS_R_6_1",0.0598151003109859,-0.0109737013504654,-0.0243877720711548,0.00137844065816679,-0.512803008756753,-0.282471876958335
"INS_L_6_2",0.0103419190062152,-0.0148389537173359,-0.0242707364682493,-0.267887578548508,-0.531805355934254,-0.278633589528695
"INS_R_6_2",0.00353580003831064,-0.0158751187767834,-0.0184070042983526,-0.286398290084757,-0.527035778300404,-0.251969763304454
"INS_L_6_3",0.00984741676810672,-0.0119782865981543,-0.0259281031591028,-0.249256639922542,-0.510763989739261,-0.285904348440531
"INS_R_6_3",0.00644288879052938,-0.0151377808052759,-0.0250896579965836,-0.270972835188059,-0.544534112403346,-0.294970878975721
"INS_L_6_4",0.0237176606890398,-0.0172188050571753,-0.00960700542552819,-0.201153766253901,-0.556084209133707,-0.209690169017206
"INS_R_6_4",0.0290869298280019,-0.0238909122343783,-0.0088055386369719,-0.194331142389871,-0.559456060487628,-0.191021601864572
"INS_L_6_5",0.0608783858732506,-0.0256487798288469,-0.0162999039032911,-0.0382396839293348,-0.571338763542464,-0.220585984396788
"INS_R_6_5",0.0605572702584255,-0.0168956784726243,-0.0253184723406994,-0.00334968920923438,-0.542416757546227,-0.253455881110261
"INS_L_6_6",0.0565168387153755,-0.0343988121151966,-0.0249860864391538,-0.132233380821604,-0.56847886648224,-0.219481918664275
"INS_R_6_6",0.04713017418337,-0.0226272641649693,-0.0252627008239623,-0.0989156090359046,-0.543422159063747,-0.22458694006769
"CG_L_7_1",-0.0133971259856298,-0.0915826960653788,-0.0405303706049864,-0.237078932899003,-0.662732870805359,-0.22717035818161
"CG_R_7_1",-0.0125617445559053,-0.0858526466260815,-0.0393101915495493,-0.238207383565203,-0.664152691498267,-0.228841629127817
"CG_L_7_2",-0.0141122024672679,-0.0218678433184354,-0.0130200090700104,-0.297144407411792,-0.575435595767724,-0.21184571790198
"CG_R_7_2",-0.00363992957780227,-0.0265835283017468,-0.0248648280718289,-0.243778847287012,-0.576984444509542,-0.238542697014895
"CG_L_7_3",-0.0225624731976101,-0.0306443126407694,-0.0669459282282773,-0.300353902190019,-0.533591442855214,-0.282683098847475
"CG_R_7_3",-0.0458608583251413,-0.0281565346609141,-0.0568980082868863,-0.356050174230041,-0.535859753134156,-0.290201170157076
"CG_L_7_4",-0.028356823584327,-0.062681670574028,0.0466856107479654,-0.387794061080489,-0.662965705850046,-0.075345978711596
"CG_R_7_4",-0.0315673300557627,-0.0588930972766771,0.0418557153977105,-0.376756092430066,-0.655335616584349,-0.0663161403733133
"CG_L_7_5",-0.0580360123350752,-0.0435128705560311,-0.0269465660947113,-0.398844948320306,-0.577449317386203,-0.261519822161322
"CG_R_7_5",-0.0333229030933096,-0.0432348865220451,-0.0129378166905551,-0.379275170195181,-0.604829751072631,-0.235835619899648
"CG_L_7_6",-0.081464250615669,-0.0898531803217678,-0.0394661371022456,-0.351874034983014,-0.622065791183801,-0.225783042375958
"CG_R_7_6",-0.0432980588742229,-0.0950758841098217,-0.0374793121163954,-0.318159838470218,-0.655858888187144,-0.235293387072517
"CG_L_7_7",0.0806495944364414,-0.0465927679944787,-0.0759564341821079,-0.144929868585595,-0.546150017880286,-0.271669976713066
"CG_R_7_7",-0.00827374814242234,-0.0348401188137703,-0.0432765925046481,-0.263780314526217,-0.544641737857459,-0.265274129579923
"Cun_L_5_1",-0.0973446870759577,-0.0444736079226531,0.0194984718779031,-0.46342116157565,-0.553707115218439,-0.121451286507644
"Cun_R_5_1",-0.163356332925735,0.0220105079739076,0.12315440629117,-0.508303222525595,-0.37875424796549,0.0974593314389836
"Cun_L_5_2",-0.016302339108682,-0.160330257286387,0.0870456576044723,-0.300645078694124,-0.646625662537587,0.0155958622637425
"Cun_R_5_2",0.0207413186919873,-0.215723499933596,0.153279949056679,-0.260370164308929,-0.682230269098492,0.0808887717264349
"Cun_L_5_3",-0.166456806185006,-0.0276294450029315,0.00168950300724374,-0.465202051757811,-0.456358802027674,-0.112353630153127
"Cun_R_5_3",-0.0912719631951245,0.000805040855581735,0.153134497480858,-0.399020635173173,-0.42708596664728,0.169712158823879
"Cun_L_5_4",-0.0473996406305105,-0.124345524091722,0.0858354981255294,-0.356524661619505,-0.629321040253897,-0.117043953879171
"Cun_R_5_4",-0.0667719649916518,-0.104453027415738,0.156174464882933,-0.334835965340826,-0.564673603044935,-0.0417505281483672
"Cun_L_5_5",0.0791961802682758,-0.259878001971398,0.157916537579004,-0.249258163581571,-0.725458418702214,0.0112207334438103
"Cun_R_5_5",0.0501720767899735,-0.321588755311189,0.188196871581267,-0.266526008177967,-0.774190559723997,0.0188192514417
"OcG_L_4_1",-0.0277657631136758,-0.0234444142800551,-0.0168708558655441,-0.313799674109468,-0.464367095081419,-0.119666551251027
"OcG_R_4_1",-0.0493247568023613,0.0407046154295721,0.0953787614874283,-0.304100484987175,-0.336449172051655,0.0561236682898104
"OcG_L_4_2",0.0053501948467873,-0.0599642844660324,-0.0674320969060311,-0.330812543331593,-0.531586328743438,-0.263417918547879
"OcG_R_4_2",0.0419668843488962,-0.0544369234444549,-0.0158093529501349,-0.264906402308126,-0.491773928020218,-0.158830238685009
"OcG_L_4_3",-0.270521377699332,0.0141109987629094,0.0353278956474975,-0.50555828362815,-0.436548152524344,-0.0925866239743657
"OcG_R_4_3",-0.271851621594188,0.174214475665201,0.287243820986464,-0.459027466615842,-0.238795730013579,0.183629731022743
"OcG_L_4_4",-0.160918201772097,-0.0506219612895259,-0.0582759168654239,-0.436870125918265,-0.473055827182832,-0.165506452889136
"OcG_R_4_4",-0.0961764121351645,0.061170371939748,0.142291770581752,-0.369986173551838,-0.349175160590799,0.0428352972567931
"sOcG_L_2_1",-0.0232551310620758,-0.0465851343660676,0.0468515611890005,-0.319155095901701,-0.503316533218492,-0.0369538676067122
"sOcG_R_2_1",-0.055605834002075,-0.0539975140644123,0.0920743573364763,-0.36975997999796,-0.523125509862702,-0.00757119723904179
"sOcG_L_2_2",0.0299421526222592,-0.0304628399744965,0.0306928954079986,-0.261970967191091,-0.509495939899435,-0.101192511314211
"sOcG_R_2_2",-0.0261143985221985,-0.0526999820979128,0.039918504167971,-0.353964087202347,-0.526445092249216,-0.120220147570765
"Amyg_L_2_1",0.00528065844682021,-0.0158278063071237,0.00277745352709359,-0.243992126312398,-0.547242952350798,-0.18185135425231
"Amyg_R_2_1",0.0135663099368647,-0.0269248473274165,0.0033279039269033,-0.173100386485435,-0.560963149846416,-0.172204622559865
"Amyg_L_2_2",0.00200499940945101,-0.00654224375310338,0.00507050635552333,-0.261975399335315,-0.527056099374887,-0.107097339832792
"Amyg_R_2_2",0.0064305297674611,-0.0126409251628065,0.0053782575473303,-0.225983530605921,-0.555082046679836,-0.136810668100076
"Hipp_L_2_1",0.0326952650442853,-0.0628101218516504,0.0287331400367331,-0.189800726683544,-0.557587105125038,-0.144565843268671
"Hipp_R_2_1",0.0351919598680215,-0.0597187543367939,0.0133181155228019,-0.143459682121824,-0.559702276338339,-0.148764830664184
"Hipp_L_2_2",0.0196935257321998,-0.0647594778696411,0.0709439101072442,-0.216263268496996,-0.580921976395541,-0.122514402534255
"Hipp_R_2_2",0.0531404793796069,-0.069036672245225,0.0782244123882459,-0.172607011027144,-0.584609130151818,-0.122794438921249
