"Full","7-8.9y","9-10.9y","11-13.9y"
0.506988131800015,0.549262846218486,0.514492333550902,0.480051488332836
0.54450993302089,0.587923546360816,0.543583320337934,0.526621512895671
0.521937495784623,0.579197990410291,0.509286880901453,0.49259356238781
0.514014887184352,0.566863648362428,0.49251150418538,0.508897679245976
0.522738213159904,0.576712021421006,0.518556276864102,0.458902640502098
0.504239257919196,0.566175371787401,0.487572571836868,0.459370825871166
0.54043150707387,0.589527561965657,0.539399129911112,0.52003079576676
0.548993391073183,0.607751129212263,0.542739563387798,0.507965848130916
0.574947675250765,0.616866098075988,0.578984704007919,0.578906728440293
0.584101656336851,0.633136335284968,0.57900795869812,0.573979287448924
0.434870998438332,0.495863229518974,0.440390555460978,0.351450734911844
0.44508949035888,0.499451818258093,0.445133575793557,0.382779881513994
0.442979915394378,0.501816634405818,0.431320863379871,0.358823660182535
0.468779392285017,0.526432015273349,0.465615520560339,0.376146708549086
0.463463380519812,0.53372298083283,0.4373426707704,0.405411504780282
0.453312960391348,0.530345082058089,0.413723138789366,0.418968476068838
0.544614908239911,0.603477788166085,0.542233639908926,0.49747875985099
0.543576222408871,0.611257228076085,0.537950811005622,0.476515072075583
0.472773506084986,0.539675439931438,0.454025101680189,0.38405232783089
0.486084519458636,0.540720653359428,0.453874002221811,0.462950713937302
0.5157346563538,0.579969369419914,0.49794881404017,0.461061789437611
0.525876822854443,0.57725300857152,0.520251004346714,0.489357210787038
0.515157190805031,0.572619391764219,0.496428030205566,0.493311976199505
0.521990154468252,0.5903808499021,0.491802548613537,0.483053667027816
0.545795481952899,0.615526591812123,0.517406137574393,0.506768287759193
0.56224380151517,0.623537319733281,0.542340784761308,0.535984055089587
0.586424786544876,0.610131142903417,0.603343559986777,0.524226125168758
0.625573146094494,0.651409745069749,0.611874773040056,0.607185089001356
0.55605569685477,0.593177751803671,0.566259979101077,0.507618468437302
0.564496337836939,0.614915335450581,0.580145531847109,0.487298853160637
0.514752242468231,0.559315249317327,0.512400828600118,0.470323022658286
0.51936020249349,0.585642021850082,0.502434387404813,0.452204000755688
0.521217054550289,0.543183070725001,0.525144477416908,0.495786566847938
0.558216627606231,0.583683295905089,0.587284508930676,0.511712461807342
0.487956050072086,0.512059539357022,0.516572504051269,0.423612830040487
0.531859774706499,0.567996209315401,0.546397713063438,0.474155659892659
0.5618475179882,0.592703092965212,0.578016122831215,0.514631705251637
0.576155016531639,0.613258704227442,0.602963504930247,0.516357635199694
0.567622363786781,0.576293551296183,0.609147361255642,0.512992824577431
0.598283814650198,0.611673525175968,0.666189749868939,0.500283543984787
0.596427703507829,0.627242597122584,0.609687212673797,0.530476262857968
0.611897569466792,0.643700531396347,0.61195426923444,0.562272413048516
0.519890142055507,0.547346920164153,0.524502101683099,0.489127618027664
0.541206432970384,0.562548495709721,0.557677318288986,0.512150763404539
0.516231040679308,0.555337473741983,0.512613503391834,0.462566870708683
0.559535674839525,0.568637735779996,0.573885726957339,0.543508259345687
0.54452649857475,0.580345545113417,0.529042792755346,0.514684762030068
0.610933713926273,0.641516113512178,0.58969571022609,0.59296445242128
0.494498477547012,0.514775781974718,0.496589345918792,0.459912046077703
0.481256046977762,0.487979358397135,0.480470486727059,0.470927244076252
0.540678214034845,0.57380348016869,0.560802378640847,0.484330518119024
0.563889173297459,0.585027804759917,0.587444463007679,0.537802485519785
0.66170589799219,0.710481511436917,0.663457685699419,0.611630772242409
0.65797497505815,0.694170079600762,0.665967351663569,0.599826795741864
0.578848871131662,0.664623460753703,0.551591688012659,0.553349334543094
0.605335249140684,0.669436812558911,0.576862168425361,0.600832205065611
0.60402697556399,0.631899249280064,0.630453333383222,0.596614200883502
0.603727659040136,0.651041731660437,0.590495146227396,0.596249610730961
0.480060445379917,0.52106458669868,0.49947231343735,0.465292781206763
0.546702760173898,0.583797684550318,0.542959775877582,0.561784019314994
0.614235469799413,0.611243831098931,0.658251785500161,0.563524272067549
0.627765042267254,0.645915859484221,0.694236049051574,0.50422591625761
0.634609040363034,0.687735537158554,0.636461701314883,0.56059970011754
0.643769128648443,0.68967677308852,0.660504145541752,0.549515066171288
0.593475885306258,0.620573725308173,0.598457140868766,0.58490230102707
0.660496653573713,0.66520934996477,0.657471359175699,0.690496945419457
0.604722855099299,0.633813804343822,0.639648564277625,0.58425837505321
0.617276507262401,0.645151400555035,0.63820599478314,0.609382836865314
0.473904650533837,0.550537518275866,0.456384751129005,0.369686462892552
0.51349244465675,0.568260228489598,0.505105561154775,0.465495178941132
0.559183623317153,0.557666638699595,0.582687352636028,0.543511909166705
0.553975210025344,0.588640546340702,0.589120577938743,0.439898784389307
0.598766167282721,0.598642852970127,0.646564866241203,0.53320522502929
0.578501947165121,0.57248167385154,0.634196151854407,0.51388801634727
0.54536529660341,0.56436765355015,0.552885187132093,0.533487463188144
0.531727296374297,0.560343117534239,0.577216702903761,0.441010011899199
0.473697394774149,0.513146322904727,0.482618722002513,0.420601544886223
0.501079601076932,0.548913706201798,0.486376834812072,0.489990706055283
0.49857558348149,0.508399933361178,0.545325084563278,0.439725697353147
0.551565645285907,0.563529662498154,0.575043995590012,0.512191033873751
0.512148584068231,0.542158304385333,0.532000961116208,0.489480980083328
0.516245758601031,0.538303283711062,0.553166026195751,0.473423380115516
0.444367612570252,0.489401779747347,0.451900456855027,0.403082957241738
0.480420834886676,0.520447953462346,0.470309594251956,0.475351924424069
0.520023745193299,0.545076166505123,0.541478432713224,0.501380657992285
0.557109979307754,0.592094619769962,0.585019248500982,0.489204547619625
0.493505403062349,0.517114036336639,0.531483903452094,0.429062427939869
0.513753079163259,0.522492693626875,0.553765429481004,0.468728504949848
0.57400569676014,0.624552804903988,0.570994083937758,0.507932828773019
0.540052526901823,0.585510652429183,0.545617002054061,0.510345345444089
0.553490709428071,0.567881483071831,0.590151419970645,0.519368114355198
0.468849438544038,0.469837156557601,0.506150577773492,0.445497944813869
0.448585423753578,0.513795097640846,0.47002318720756,0.345513730755727
0.492933844887817,0.541697550824875,0.50035465233307,0.452599318197174
0.450172332666208,0.519194249653036,0.43798537965558,0.39998667535885
0.475602384015614,0.515816504587093,0.496594643423509,0.439113005704125
0.55406593165306,0.580322402192475,0.580596622241411,0.529187192870732
0.537938523592942,0.555570526588706,0.549209002212589,0.533610513428371
0.531767494848012,0.560815611303096,0.544933129630026,0.491101189291563
0.490406829998972,0.513305564161145,0.49451830948142,0.471587579229572
0.529779886057843,0.572218531016745,0.547179579822933,0.454767090486154
0.528734392122396,0.545606602138816,0.548254108799524,0.484149135644038
0.59278639550362,0.63018418787536,0.626339555497676,0.505442238814613
0.617718758419719,0.653224460620061,0.63164576757101,0.57658480245599
0.623938608456539,0.633965886011273,0.66230161053571,0.590045516636263
0.525070847328559,0.549174744730057,0.521663681913408,0.509612300397073
0.616259524964193,0.626305536148483,0.639344275038754,0.593125500176781
0.541033677229297,0.540697010997122,0.559120644696576,0.533054446519722
0.541231020095016,0.593244706367499,0.562434941989333,0.442748548358051
0.581039285945519,0.610536512697435,0.588861485230351,0.555424696744807
0.550042684646812,0.583763131735499,0.567325494211453,0.472576481044039
0.545980497909968,0.558591581154051,0.572661971705954,0.502992794893001
0.59303317967351,0.6233502874352,0.612531923380985,0.506190170248347
0.527480054424686,0.562095295979196,0.510801522993082,0.491207726259773
0.553489720078164,0.598987698933916,0.55280576976854,0.52884589419358
0.528017218460786,0.564565583616575,0.541235129808507,0.497233852530486
0.513634927316423,0.540159546469636,0.510592859587331,0.484894940681784
0.529234319315214,0.565657441195386,0.535836469428341,0.502583688825715
0.581132376509612,0.622554444617475,0.582691388020867,0.553938262083201
0.580664768279139,0.625679841794171,0.556378813619036,0.546182846244267
0.530254139423041,0.554588626817625,0.534815330131541,0.514852694948553
0.516293957934219,0.548831207593629,0.56271010999982,0.3826865980604
0.546757896902638,0.561055393818992,0.563609696533103,0.525291081122268
0.544839099750969,0.59198025724593,0.581011899877791,0.409106637681856
0.489503421473219,0.540482136582358,0.496307657143106,0.450778315389577
0.512000665259709,0.538029766220544,0.568743331063601,0.466501744220396
0.50131855428015,0.552424768673657,0.496099812060657,0.453072427953912
0.513335540968717,0.551139708505893,0.531276893670681,0.488217967540682
0.574189771480757,0.610523370945912,0.595328768617537,0.515222916853106
0.574502682617207,0.619455414827201,0.595572898361588,0.504664679201787
0.537336061182921,0.577986321588074,0.560788783165582,0.50478905165
0.544009929038147,0.563113015174042,0.578197029113415,0.534850306038932
0.552905411649572,0.591187568717188,0.578696211841256,0.491752593526467
0.574629707477316,0.618174637517804,0.603886354511343,0.511213118673587
0.515326303814334,0.53486150373157,0.562494199192674,0.425857017612468
0.564132816841691,0.594048050288482,0.589560681638428,0.482106734802138
0.494697352406859,0.55695170809955,0.51661394590885,0.400585352229988
0.549059163549247,0.587950124638431,0.584654967716164,0.479458906620853
0.574277360853851,0.599594618383433,0.616426503740554,0.525484904262905
0.583862761149508,0.601875312988538,0.63430448043583,0.508448547141441
0.514287710141978,0.555108552476304,0.534054500506695,0.45510814122341
0.548280924218552,0.580491845744201,0.596740036570743,0.459538437905521
0.540846092514037,0.57670954534788,0.556424834018454,0.473643013816785
0.578336476802254,0.620625755147975,0.608982781947971,0.469064180831815
0.582190467467725,0.580315577283206,0.613095319436643,0.555614035433375
0.568477637395968,0.600914961124322,0.601797212287773,0.47093481061593
0.547596887683089,0.568322283505764,0.569614379892516,0.523492942801092
0.548896061494129,0.554103143000976,0.58217262519887,0.548564583425017
0.592870226563015,0.620000096717376,0.60040798707414,0.570796818386353
0.60793238106462,0.607723648596243,0.634731734386452,0.61829874213602
0.744656253832123,0.756515343461884,0.753652129546359,0.731502808775748
0.786838479772566,0.796423488766531,0.800025974659446,0.771178261776188
0.681884190651544,0.667262617746102,0.704227915114436,0.696314310429563
0.701216333780674,0.699384846899857,0.715527166982516,0.703911814914929
0.658067514924388,0.685023932467275,0.663971289475062,0.63260597126497
0.663824164495242,0.70174815775325,0.661455760563811,0.607951947581932
0.636705630266922,0.632586448452053,0.666922819472526,0.607219232600506
0.632465297367508,0.652436828610997,0.665776638766137,0.547492038685619
0.604374819586119,0.646915385103154,0.610148579849088,0.567019871701169
0.651199992979908,0.693210241459135,0.646395935882889,0.594080203287844
0.550223464251638,0.565319487968392,0.593237062505945,0.540389712547207
0.549638005248465,0.55378216422066,0.59114318730198,0.560221732664404
0.574364749976934,0.578287455323102,0.589467985310066,0.54441332654413
0.540729963593808,0.566087734412338,0.577157720642955,0.440144489153176
0.575791370294694,0.614430600652647,0.583934103102723,0.517175055065769
0.567398449728064,0.616631656015196,0.547454033587355,0.552346115654296
0.552224909565226,0.588233147564143,0.563819964639452,0.493895490341957
0.58489312911461,0.631626989664183,0.577246545467847,0.544827771688723
0.591257295009485,0.604507694554547,0.629140301802101,0.526101489711676
0.592949304869203,0.60451052031073,0.61109818438674,0.561135858136068
0.600401918552801,0.589819163460018,0.629624262321206,0.579108149827504
0.572893750787237,0.583693690503299,0.619173436341569,0.481035659512184
0.601141693434597,0.5913682332311,0.638403504319956,0.58392825504939
0.57496849871063,0.594493369903585,0.596631370087883,0.525513019074593
0.667211668316542,0.666768046856721,0.686797703891141,0.667269766938997
0.668872298421749,0.65358687702746,0.705377150371069,0.672664036556414
0.580888649239257,0.608010617650995,0.608590594984338,0.546956288491933
0.588929727652229,0.581449065564277,0.626130841622317,0.578492051580982
0.552496529858523,0.568581844133523,0.578691580467281,0.519799338492832
0.556755246219602,0.579611377265712,0.596711254812351,0.514579596575202
0.685783376497988,0.71133425708946,0.689705021757041,0.699016009012825
0.674109330469171,0.698205333446238,0.669906938100437,0.698085756559104
0.595144259119228,0.625566012289313,0.60019545986554,0.578415214443468
0.625152372408237,0.660593993874765,0.638507202475075,0.59062694572425
0.624989442661414,0.629719659663024,0.610430403995366,0.67398634083797
0.663768218623553,0.669349003565236,0.66961866300944,0.681294733963178
0.559871438097562,0.566522980615644,0.557859261862609,0.562880759706364
0.559103011076745,0.570127582182998,0.585666914632806,0.528577294988731
0.575542489506795,0.579412820110041,0.631229541096706,0.555447366247636
0.402668725197156,0.443347633444266,0.453590976019896,0.320276126574894
0.662783297020496,0.690885965029499,0.683640685216966,0.632556727497048
0.700893051073087,0.735110662993044,0.723174431649469,0.638162471565863
0.466908328705969,0.453252354083274,0.51936493343377,0.479741498969065
0.442058407502299,0.465028376832799,0.49253640799419,0.379487235207431
0.664377852528241,0.695342279963034,0.684689658188256,0.61618448029672
0.596717444217045,0.625370349458591,0.610948647407522,0.554176234140901
0.754803807020379,0.792192169303918,0.753006202815722,0.70822462190231
0.798726133623541,0.818687231299078,0.806354327444887,0.772967313073144
0.478294164651374,0.479950575097134,0.516632547270422,0.447782066923282
0.350120942483354,0.346348891858837,0.405884963921614,0.303637666070885
0.569950560453924,0.596453483917073,0.582355302239101,0.525720344154363
0.526758710809397,0.545989228373689,0.534929131519848,0.499221548267871
0.44457933957943,0.44938540362374,0.489666095106805,0.446652780075751
0.251379824244946,0.268158571724508,0.293468800020984,0.202750307548905
0.492246150142473,0.525096513354133,0.504481197720764,0.461327167461942
0.375258867496057,0.398291742231907,0.407056787561986,0.314237389977689
0.52583784319768,0.568588736426083,0.501959048324657,0.524637930616198
0.55304123080748,0.578886411189493,0.548738425206764,0.558606392396139
0.545450181246138,0.569852688154156,0.563202093227953,0.4874824598491
0.565710841443228,0.571681119864899,0.59308355515526,0.547902003716191
0.583833744750187,0.588194468520781,0.586220203105269,0.596585799048474
0.59202645402376,0.591674091478992,0.615722808558709,0.575603579465099
0.56383672192251,0.59213673156426,0.567934683826385,0.527339966890129
0.589882812970244,0.599758332279967,0.629347367766764,0.536153302908482
0.584066241532727,0.595159415909735,0.602726726749468,0.560712657073543
0.588295574057511,0.580391367708246,0.607456700606205,0.593747152946419
0.606388122918992,0.646569196211109,0.62659725215357,0.511964077706661
0.612023783747789,0.640196708740234,0.627316613802546,0.543538925321543
